,Molecule,Score,admetlab_smiles
0,EOS51737,-6.165,CC(C)N(CCNC[C@H](O)COCc1ccccc1Cl)C(C)C
1,EOS51380,-7.711,O=C(NC[C@H]1CCCCN1Cc1cc(=O)c(O)co1)c1ccccc1
2,EOS51384,-6.872,CCNC(=O)Cn1cnc2cc(C)c(C)cc21
3,EOS50391,-8.117,O=C1CCC(C(=O)Nc2cccc(CSc3ccccn3)c2)CN1
4,EOS51749,-7.131,CN(C)CC(C)(C)CNC(O)c1cc(O)n(-c2ccccc2Cl)c1
5,EOS50393,-7.64,C#CCN(CC(F)(F)F)C(O)c1cc(O)n(-c2ccc(CC)cc2)c1
6,EOS51752,-7.741,CC(=O)NCCNC(=O)C1CCCN1C(=O)c1ccc2c(c1)OCO2
7,EOS51400,-6.54,O=C(CNCc1ccccc1)NCCCN1CCCC1=O
8,EOS51755,-6.938,CN(C)CC(C)(C)CNCc1nnc(-c2ccccc2)o1
9,EOS51758,-7.697,CCn1c(=O)n(C[C@H](O)c2cc(OC)ccc2OC)c2ccccc21
10,EOS50397,-8.156,Cc1cc(C2CCCN(C(=O)c3cc(C)n(C(C)C)c3C)C2)[nH]n1
11,EOS51411,-5.975,Clc1cccc(Cl)c1N=C1CCCN1
12,EOS51764,-7.766,COCc1nc(C(=O)N2CCC([C@H](O)c3ccccc3)CC2)cs1
13,EOS50399,-6.616,COc1cc(C(=O)N[C@@H](C)Cc2cccs2)cc(OC)c1OC
14,EOS51428,-6.323,CCC(CC)[C@H](NC(C)=O)[C@@H]1[C@H](O)C(C(=O)O)C[C@H]1N=C(N)N
15,EOS50404,-7.743,C=CCN1CC(C(=O)N(CCCN(C)C)C(=O)NCC)CC2c3cccc4[nH]cc(c34)C[C@H]21
16,EOS51437,-6.173,Cc1ccc(C)c(OCCCC(C)(C)C(=O)O)c1
17,EOS51801,-6.76,C[C@@](N)(C(=O)O)c1ccc(C(=O)O)cc1
18,EOS51824,-6.04,CN(C)CCN(C)CCc1ccc(Cl)c(Cl)c1
19,EOS51829,-5.801,CC(C)NCC(O)COc1ccc(CC(N)=O)cc1
20,EOS50424,-6.629,Cc1ccccc1C(OCCN(C)C)c1ccccc1
21,EOS51513,-11.724,CC(C)C(=O)C(=O)NC(C)C(=O)NC1c2ccccc2CCN(C)C1O
22,EOS50430,-8.64,Cn1c(=O)cc(C(=O)NC(Cc2c[nH]cn2)C(O)N2CCC[C@H]2C(N)=O)[nH]c1=O
23,EOS51875,-6.895,COc1ccc(C2CNC(=O)C2)cc1OC1CCCC1
24,EOS51540,-7.159,CN(C)[C@@H](CCOc1cccc2ccccc12)c1ccccc1
25,EOS51883,-6.674,CC(C)NCC(O)COc1cccc2ccccc12
26,EOS51899,-5.427,O=S(=O)(O)NC1CCCCC1
27,EOS51909,-7.415,C[C@]1(c2nc3c(C(N)=O)cccc3[nH]2)CCCN1
28,EOS51576,-5.286,CCCCCCCCCCCCC/C=C/[C@@H](O)[C@@H](N)CO
29,EOS50454,-8.057,O=C(CNC(O)c1cc(=NC2COC2)[nH]cn1)CN1CCc2ccccc2C1
30,EOS51938,-6.885,NC(CCNCc1ccc(Cl)cc1)C(=O)N1CCCCC1
31,EOS51599,-6.197,CC(=N)NCc1cccc(CN)c1
32,EOS50461,-5.162,COC(=O)C1=CCCN(C)C1
33,EOS51958,-6.48,COc1ccc(C(=O)N2CCCC2=O)cc1
34,EOS50465,-6.156,CN(C)CCOC(c1ccccc1)c1ccccc1
35,EOS51629,-8.413,CC(C)[N+](C)(CCOC(=O)C1c2ccccc2Oc2ccccc21)C(C)C
36,EOS51636,-7.485,CCC(CC)N=c1cc(C)[nH]c(Oc2c(C)cc(C)cc2C)c1C
37,EOS51981,-5.116,CNC(CC(=O)O)C(=O)O
38,EOS51646,-4.27,CC(=O)OCC[N+](C)(C)C
39,EOS51652,-6.115,CC(C)NCC(O)c1ccc(O)c(O)c1
40,EOS51658,-6.902,N=C(N)NCCCC(NC(=O)COCC(c1ccccc1)c1ccccc1)C(=O)O
41,EOS52004,-5.783,NCCNC(=O)c1ccc(Cl)cn1
42,EOS51668,-6.72,COc1cc2c(cc1OC)C1CC(=O)C(CC(C)C)CN1CC2
43,EOS52019,-8.109,Cc1cc(C)cc(Oc2ccc(CNC(=O)C(C)N)cc2C)c1
44,EOS51687,-8.491,O=C(CNC(O)c1cc[nH]c(=NC2CCC2)c1)CN1CCc2ccccc2C1
45,EOS52048,-6.121,O=C(O)CCCC[C@@H]1SC[C@@H]2NC(=O)N[C@H]12
46,EOS52049,-6.39,CNCCN1CCC(OCc2ccccc2)CC1
47,EOS50494,-6.596,COc1cc(CNC(=O)CCCC/C=C\C(C)C)ccc1O
48,EOS52091,-7.276,Cc1cc(C)c(NC(=O)C2CC3CCC2C3)c(C)c1
49,EOS52094,-10.822,CC(C)C1C(=O)NC(CCCN=C(N)N)C(=O)NCC(=O)N[C@@H](CC(=O)O)C(=O)N[C@H](Cc2ccccc2)C(=O)N1C
50,EOS50506,-7.986,C[N+]12CCC(CC1)C(OC(=O)C(O)(c1ccccc1)c1ccccc1)C2
51,EOS52506,-6.338,C[C@](N)(Cc1ccc(O)cc1)C(=O)O
52,EOS52507,-6.657,Cc1cc(C(C)(C)C)cc(C)c1CC1=NCCN1
53,EOS52510,-3.398,CC(N)=O
54,EOS52514,-5.853,c1nc(CC2CCNCC2)c[nH]1
55,EOS52516,-6.756,C[C@](N)(Cc1ccc(O)c(O)c1)C(=O)O
56,EOS52177,-11.239,COc1cc2c(=NC3CCN(C)CC3)[nH]c(N3CCCN(C)CC3)nc2cc1OCCOCCN(C)C
57,EOS52528,-6.659,Cc1ccsc1C(=O)OCC(=O)N1CCOCC1
58,EOS52189,-4.496,CCCCCCCNC=O
59,EOS52190,-4.716,CNCCc1c[nH]cn1
60,EOS52550,-6.144,CNC[C@@H](O)c1ccc(O)c(O)c1
61,EOS52551,-4.594,Cn1cnc(CCN)c1
62,EOS50535,-4.807,Cc1[nH]cnc1CCN
63,EOS50536,-6.387,Cc1cccc(OCC(O)CNC(C)C)c1
64,EOS52569,-5.898,Cc1ccc(S(=O)(=O)O)cc1
65,EOS52571,-6.325,CCN(CC)CCNC(=O)c1cc(Cl)c(N)cc1OC
66,EOS52572,-6.016,O=C(O)CN(CCN(CC(=O)O)CC(=O)O)CCN(CC(=O)O)CC(=O)O
67,EOS52582,-2.604,C[N+](C)(C)C
68,EOS52601,-5.26,C=C(O[PH](=O)(=O)[O-])C(=O)O
69,EOS52249,-4.193,CN(C)CCCSC(=N)N
70,EOS52607,-6.54,N=C(N)N1CCc2ccccc2C1
71,EOS50548,-4.402,O=C(O)C(Cl)(Cl)Cl
72,EOS50549,-6.744,N=C(NCCCC(N)C(=O)O)N[N+](=O)[O-]
73,EOS52256,-6.156,N[C@@]1(C(=O)O)CC[C@H]2C(C(=O)O)[C@H]21
74,EOS52618,-6.927,O=C(NCc1ccc(Cl)cc1)NC1CCCCC1
75,EOS52273,-6.365,O=C(NC1CCCCC1)NC1CCCCC1
76,EOS52275,-7.913,Oc1cn2c3ccccc3n(Cc3ccccc3)c2n1
77,EOS52281,-6.912,CCC(NC(C)C)C(O)c1ccc(O)c2[nH]c(=O)ccc12
78,EOS52644,-5.743,CC(C)NCC(O)COc1ccccc1
79,EOS52293,-5.161,O=CNCc1ccccc1
80,EOS50562,-6.766,CCCCOc1cc(CC2CNC(=O)N2)ccc1OC
81,EOS52301,-5.341,CC(=O)OC1CN2CCC1CC2
82,EOS52667,-5.815,C=C(C)CN1CCC(C(=O)NC)CC1
83,EOS52320,-5.57,NC(=O)CSc1ccc(F)cc1
84,EOS52674,-4.237,N=C1NCCS1
85,EOS52324,-5.066,CC(C)CNC(=O)C1CC1C
86,EOS52325,-6.542,CNC(=O)C1Cc2ccccc2O1
87,EOS50569,-4.501,NC(=O)c1cnns1
88,EOS50570,-6.041,NCCc1ccc2c[nH]nc2c1
89,EOS52680,-6.233,CCc1cc(C(=O)NC2CCCC2)[nH]n1
90,EOS52332,-6.024,CC(=O)NCCc1cc(Cl)cc(Cl)c1
91,EOS52688,-6.681,CCNC(=O)NC1COc2c(cccc2OC)C1
92,EOS52338,-5.446,CC(=O)NCCC1=CCCCC1
93,EOS52340,-6.045,CC1NC(=O)NC1CCCCCC(=O)O
94,EOS50574,-5.836,CC(=O)NC1CC1c1ccccc1
95,EOS52694,-5.992,CC(C)(O)CNC(=O)c1ccccc1Cl
96,EOS52349,-11.1,CCN(CC)C(=O)NC1CCCOc2ccccc21
97,EOS50576,-5.585,CC(NC(=O)c1ccncc1)C1CC1
98,EOS52352,-5.935,CC(O)(CN)c1ccccc1
99,EOS50577,-5.423,CNC(=O)C1CCCCC1N
100,EOS52356,-4.963,CC(=O)C(O)NC1CC1
101,EOS50578,-5.08,Cc1cc(=O)cc(O)o1
102,EOS52358,-5.549,CSCC(=O)NC(=O)NC1CCCC1
103,EOS52710,-6.375,CC(=O)Nc1cccc(NC(=O)C2CC2)c1
104,EOS52360,-6.283,Cc1ccc(C(=O)NC2CCCC2)cn1
105,EOS52713,-5.513,Cc1nc(CN2CCNCC2)cs1
106,EOS52717,-5.613,O=C1NCCN1C1CCCNC1
107,EOS52719,-5.804,N[C@@]12CCCC[C@@H]1NC(=O)C2
108,EOS52372,-6.008,CCCCCC(O)CC(=O)Nc1ccoc1O
109,EOS52378,-5.13,CN(CC(N)=O)C1CCCC1
110,EOS52380,-5.818,O=C1CNC2CCCCC2N1
111,EOS52384,-6.54,NCc1cc(=O)[nH]c(C2CC2)n1
112,EOS52385,-5.618,CNC(=O)C1(C)CCCCC1
113,EOS52389,-6.812,CC(C)(C)c1ncc2c(n1)CC1CCC2N1
114,EOS52392,-5.495,NC(=O)C1(O)CCCCC1
115,EOS52393,-5.357,CC1NC(=O)CCC1N
116,EOS52747,-5.265,CCCCCCCCCCCCO[PH](=O)(=O)O
117,EOS52753,-5.857,COc1ccccc1CN1CCNCC1
118,EOS52756,-4.413,C[PH](=O)(=O)CCCN
119,EOS52757,-5.248,COCc1nc(=N)cc[nH]1
120,EOS52760,-4.789,NCCNCCNCCNCCN
121,EOS52408,-5.77,CCn1c(C)cc(C(=O)NC(C)C)c1C
122,EOS52763,-6.209,NC(=O)c1ccc2c(c1)OCO2
123,EOS52764,-5.889,CCOC(=O)C(O)CCc1ccccc1
124,EOS52765,-6.343,CC(=O)NC1CCSc2ccccc21
125,EOS52770,-5.061,O=C(O)CN1CCOCC1
126,EOS52771,-5.262,NC(=O)NCc1ccco1
127,EOS52420,-5.556,CC(=O)C(O)NCc1ccccn1
128,EOS52423,-5.086,CO[C@H]1CNC(C(N)=O)C1
129,EOS52781,-5.541,c1ccc(NC2CCNC2)cc1
130,EOS52783,-5.876,CC(C)NC[C@H](O)COc1ccc(O)cc1
131,EOS52784,-6.339,CC1CCc2c(O)oc(O)c2C1
132,EOS50602,-5.599,NCCCC(O)([PH](=O)(=O)[O-])[PH](=O)(=O)O
133,EOS52789,-6.581,CCNC(=O)Cc1coc2cc(C)ccc12
134,EOS50604,-5.536,O=C(O)CNC(=O)C(=O)O
135,EOS52796,-4.704,Cn1ncc(N)cc1=O
136,EOS53535,-5.148,NCC(=O)NCc1ccco1
137,EOS53540,-5.74,NCCNC(=O)Nc1ccccc1
138,EOS52806,-6.142,CNC(O)c1cc2ccccc2[nH]1
139,EOS52813,-6.011,Nc1cccc(C(=O)NC2CC2)c1
140,EOS52818,-5.547,CC(C)CC(=O)NC1CCCCC1
141,EOS52823,-4.912,CCC(C)(C)NC(=O)C1CC1
142,EOS52825,-5.776,NC(=O)c1cc(Cl)ccc1O
143,EOS53545,-6.087,CNC(=O)NC(=O)C(C)N1CCCCC1
144,EOS53554,-5.966,CCNC(=O)c1ccccc1O
145,EOS52836,-5.62,Cc1nc2c([nH]1)CC(N)CC2
146,EOS53556,-6.777,N=C(N)SCCc1ccc(CCSC(=N)N)cc1
147,EOS52840,-5.636,O=C(O)CCc1ccccc1
148,EOS53559,-5.703,O=C1NCc2ccccc21
149,EOS52846,-4.982,NC(=O)C1CCNCC1
150,EOS53571,-6.252,O=c1cc2c(n[nH]1)CCCC2
151,EOS53573,-5.826,CNC1Cc2ccccc2C1
152,EOS53575,-7.634,OC1CCCCC1N1CCC(c2ccccc2)CC1
153,EOS53579,-5.902,Oc1[nH]c(O)c2c1CCCC2
154,EOS52864,-5.562,FC(F)(F)c1ccccc1
155,EOS52865,-5.871,CC(=O)Nc1cccc(O)c1
156,EOS53584,-5.12,OCCNc1ccccc1
157,EOS52873,-4.535,CC(=O)C(C)=O
158,EOS53591,-5.205,CNC(=O)c1ccc(OC)cc1
159,EOS52875,-5.175,CC(=O)Nc1ccccc1
160,EOS53182,-6.825,NC(=O)CNCCC(c1ccccc1)c1ccccc1
161,EOS53593,-6.771,NC(Cc1cc(O)c(O)cc1O)C(=O)O
162,EOS53596,-5.133,CN(C)Cc1ncccc1O
163,EOS53598,-5.687,CCCCc1cc(C(=O)O)[nH]n1
164,EOS53600,-6.11,COc1cc2c(cc1OC)CNCC2
165,EOS53604,-6.635,CCCN1CCC2(CC1)NCCc1[nH]cnc12
166,EOS53605,-5.844,N[C@H](CC(=O)O)c1ccccc1
167,EOS52889,-5.621,NCCC(=O)N=c1cccc[nH]1
168,EOS53608,-6.209,CCc1ccccc1NC(=O)C1CC1
169,EOS52892,-6.324,NC1CCCc2[nH]c(=O)ccc21
170,EOS52894,-6.005,Cn1nc2c(cc1=O)CNCC2
171,EOS52897,-4.838,c1c[nH]c(C2CNC2)n1
172,EOS52900,-5.966,NCC1CNCc2ccccc21
173,EOS53620,-4.927,NCCC1=CCOCC1
174,EOS52905,-5.83,NC(=O)C(O)Cc1ccccc1
175,EOS52906,-4.943,NC(=O)c1ccsc1N
176,EOS52908,-8.435,Cc1ccc(Cn2c(CN(C)Cc3ccccc3)nc3c2c(=O)n(C)c(=O)n3C)cc1
177,EOS52910,-5.508,CCNC(=O)NCc1ncoc1C
178,EOS53626,-4.964,Cn1cc(N)c(=O)c(Br)c1
179,EOS53630,-5.791,NCc1ccc2c(c1)CCC2
180,EOS52914,-5.011,CCn1ccnc1C(C)N
181,EOS52917,-6.053,CNC(=O)Cn1cnc2ccccc21
182,EOS52918,-6.583,CC(NC(=O)NC1CC1)c1cccc(F)c1
183,EOS52919,-5.48,CNCCc1ccccc1O
184,EOS53194,-6.761,CCC1(c2ccc(C)cc2)CC(=O)NC1=O
185,EOS52922,-4.942,NCCC(=O)N1CCCC1
186,EOS52924,-6.441,NC(=O)C1CCc2ccccc21
187,EOS53639,-5.881,CCCS(=O)(=O)Nc1cccc(O)c1
188,EOS53641,-5.126,NCCc1cncc(O)c1
189,EOS53642,-6.063,Cc1nc(C(=O)NCC(C)(C)O)cs1
190,EOS53644,-5.678,CCCC1(C)NC(=O)NC1=O
191,EOS52928,-5.622,CNC(=O)CCc1ccccc1
192,EOS52929,-6.71,CN(C)C(=O)c1cccc(NC(=O)C2CC2)c1
193,EOS53646,-5.727,NC(CCO)c1ccc(F)cc1
194,EOS52931,-5.215,C1CC(NC2CNC2)CCO1
195,EOS52933,-5.852,Cc1cccc(NC(=O)CO)c1
196,EOS52934,-5.814,CCOc1ncnc2c1CNCC2
197,EOS53653,-6.784,CNC(=O)CCn1c(O)c2c(c1O)CCCC2
198,EOS53654,-6.454,NCC(=O)NC1CCOc2ccccc21
199,EOS53200,-5.21,OC1(C(F)F)CCCCC1
200,EOS52941,-6.33,NC(=O)C1CNC[C@H]1c1ccccc1
201,EOS53660,-5.727,Cc1n[nH]c(C2CCCCN2)n1
202,EOS52943,-6.466,CNC(=O)Cc1coc2cc(OC)ccc12
203,EOS52944,-5.395,Cc1nc(C(C)(C)N)no1
204,EOS53201,-5.925,O=C1CCC(c2ccccc2)N1
205,EOS53661,-5.572,CC(N)(CO)C1CCCCC1
206,EOS53663,-5.823,NC(=O)CC1CCCC(=O)N1
207,EOS53202,-4.851,CNC(=O)C1CCNC1
208,EOS52948,-5.378,c1[nH]nc2c1CCCC2
209,EOS53666,-5.304,COc1cccc(NC(C)C)c1
210,EOS53667,-6.395,CC(=O)NC(C)C(=O)Nc1ccc(C)cc1
211,EOS52955,-5.541,O=C1CCNC2CCCN12
212,EOS53677,-4.835,NC(=O)C1CCOCC1
213,EOS52959,-5.511,OC1CCCc2c[nH]nc21
214,EOS52961,-5.635,CCN(C(=O)CN)c1ccccc1
215,EOS53206,-6.309,Cc1ccc(C(=O)NCc2cccs2)cc1
216,EOS53680,-5.652,CCNC(=O)c1ccccc1Br
217,EOS52965,-6.073,CC(O)CNCc1ccc2c(c1)OCO2
218,EOS53682,-5.77,CC(C)(C)C1CCCC(=O)N1
219,EOS53684,-10.255,CC(C)NC(=O)CN1CCCCCC1=O
220,EOS53685,-6.852,CN1C(=O)CCC(C(N)=O)C1c1ccccc1
221,EOS52970,-6.605,CCNC(=O)C1COc2ccccc2O1
222,EOS53687,-6.138,CC(C)N1C(=O)NC2(CCNC2)C1=O
223,EOS52975,-6.311,COc1ccc(C(=O)NC2CCCC2)cc1
224,EOS52976,-4.911,CC(=O)NCc1ncc[nH]1
225,EOS52978,-5.645,CC1NC(C)C(C)NC1=O
226,EOS53694,-6.23,Cc1cc(=NC(=O)NCC(C)O)n(C)[nH]1
227,EOS53212,-5.557,Cn1c(O)c2c(c1O)CNC2
228,EOS52984,-4.847,NCCCc1ncc[nH]1
229,EOS53700,-6.145,COc1cccc(NC2CCNCC2)c1
230,EOS52989,-5.285,c1ccc(OC2CNC2)cc1
231,EOS53705,-5.571,CNC(=O)C(N)Cc1c[nH]cn1
232,EOS53708,-5.557,NCC1CCc2cccnc21
233,EOS53713,-5.987,CC(CN)(CO)c1ccccc1
234,EOS52996,-6.171,Oc1ccc(C2CNCCN2)cc1
235,EOS52998,-5.105,CN1CCCC(C)(CN)C1
236,EOS52999,-6.103,C[C@H](O)CNC(=O)c1ccc(O)cc1
237,EOS53001,-6.098,COc1ccc(CN)cc1NC(C)=O
238,EOS53719,-5.37,CCOC1CC(N)(CO)C1(C)C
239,EOS53004,-5.996,NC(=O)C1(c2ccccc2)CC1
240,EOS53006,-5.696,CC(Oc1ccc(Cl)cc1)C(N)=O
241,EOS53220,-5.173,CC(C)NC(=O)c1cc[nH]n1
242,EOS53010,-4.654,NCCN1CCCCC1
243,EOS53728,-6.051,COCC(=O)Nc1cccc(NC(C)=O)c1
244,EOS53729,-7.042,CC(C)(NC(O)c1c[nH]c(O)c1)c1ccccc1
245,EOS53730,-4.815,COc1ccc(Br)cc1O
246,EOS53011,-5.392,Cn1ccnc1C1OCC[C@H]1N
247,EOS53012,-7.285,COc1ccc(CC(C)NCC(O)c2ccc(O)c(NC=O)c2)cc1
248,EOS53024,-4.496,CNC(=O)NC1CNC1
249,EOS53743,-5.399,NCC(=O)Nc1ccccc1
250,EOS53225,-6.237,O=C(NCC(F)(F)F)c1ccc(O)cc1
251,EOS53033,-5.374,CC(=O)NCc1ccccc1
252,EOS53747,-7.26,NCC1OC(OC2C(CO)OC(OC3C(O)C(N)CC(N)C3OC3OC(CN)C(O)C(O)C3N)C2O)C(N)C(O)C1O
253,EOS53749,-10.737,Cc1cscc1C(=O)N1CCCNCC1
254,EOS53036,-5.939,NC(=O)NCc1ccccc1F
255,EOS53037,-5.97,O=C(NCC1CCCO1)NC1CCCC1
256,EOS53039,-5.808,N=c1ccc(C2CC2)n[nH]1
257,EOS53041,-6.507,CC1NCCc2cc(O)ccc21
258,EOS53228,-5.449,CN(Cc1ccccc1)C(N)=O
259,EOS53042,-6.416,CNC(=O)CNC(=O)c1cccc(F)c1
260,EOS53758,-6.7,CC(=O)Nc1cccc(NC(=O)NC(C)C)c1
261,EOS53760,-6.146,Cc1ccccc1C1CNC(=O)C1
262,EOS53046,-4.75,NC(=O)C1CSCN1
263,EOS53048,-5.639,N[C@H](CO)Cc1ccccc1
264,EOS53763,-6.234,CNC(=O)c1cccc(CCN)c1
265,EOS53052,-6.26,Cc1ccc(C)c(C(=O)NC(C)C)c1
266,EOS53772,-5.536,N[C@@H]1CCOC1c1cc[nH]n1
267,EOS53773,-6.62,CNC(=O)CNC(=O)c1cc(C)ccc1O
268,EOS53063,-6.527,Cc1ccccc1NCC(=O)NC(N)=O
269,EOS53778,-6.167,CCc1c(C(=O)NC)[nH]c(C)c1C(C)=O
270,EOS53064,-4.909,CC(C)CNC(=O)NC1CC1
271,EOS53235,-11.829,NC(=O)NC1CCCOc2c(F)cccc21
272,EOS53781,-5.713,CC(Cc1ccc(Br)cc1)C(N)=O
273,EOS53236,-6.788,O=C(Nc1ccccc1)NC1CCCCC1O
274,EOS53068,-5.926,CN1C[C@@H]2CN(C(N)=O)C[C@]2(C)C1
275,EOS53783,-6.24,O=C(NC1CCSC1)c1cccc(F)c1
276,EOS53069,-6.28,CCC(=O)NC1CCc2ccccc21
277,EOS53070,-5.884,CCNC(=O)Nc1cccc(C)c1
278,EOS53788,-5.021,CNC(=O)CSc1ccccn1
279,EOS53790,-6.894,Cc1cc(C(=O)N2CCNC(=O)C2)nn1C(C)(C)C
280,EOS53079,-7.699,CC1(C)CC(NC(=O)C(=O)Nc2ccc(Cl)cc2)CC(C)(C)N1
281,EOS53085,-11.561,Cc1ccccc1C(=O)NC1CCCCNC1=O
282,EOS53800,-4.877,Cc1ncc(CO)cn1
283,EOS53088,-4.811,O=S1(=O)CCCCN1
284,EOS53803,-4.896,CCOc1cc(C)[nH]n1
285,EOS53805,-5.216,CCCNC(=O)c1sccc1C
286,EOS53806,-5.823,O=C1NCC2(CCNCC2)O1
287,EOS53809,-5.036,Cc1cc(=O)c(O)co1
288,EOS53093,-5.1,CN(C(=O)CO)C1CC1
289,EOS53244,-5.178,Cc1cccc(CO)n1
290,EOS53095,-5.749,CC(N)CC(=O)Nc1ccccc1
291,EOS53814,-5.274,O=S1(=O)C[C@@H]2CNC[C@@H]2C1
292,EOS53815,-5.449,CNCc1ccc(C(=O)NC)o1
293,EOS53816,-5.81,O[C@@H]1CNC[C@@H]1Oc1ccccc1
294,EOS53099,-7.918,O=C1NC(=O)C2(CCOc3ccccc32)N1
295,EOS53104,-4.844,Cc1nn(C)c(C)c1N
296,EOS53820,-5.919,CC(=O)c1ccc(O)c(C)c1
297,EOS53822,-4.908,CC(=O)C(O)NC1CCSC1
298,EOS53823,-6.389,CNC(=O)N1CCC2(C)C(C1)C2(F)F
299,EOS53248,-5.703,CCN(Cc1ccccc1N)C(C)=O
300,EOS53824,-6.117,Cc1ccc(C(C)CC(=O)O)cc1
301,EOS53825,-6.149,O=C(c1ccc(F)cc1)N1CCCC1
302,EOS53107,-5.92,O=C(NCc1cccs1)NC1CCCC1
303,EOS53827,-5.676,CCN(C)C(=O)NC1CCN(C(C)=O)C1
304,EOS53828,-5.371,CCOC(=O)NCc1ccccc1
305,EOS53829,-5.049,FC1CCN(C2CNC2)C1
306,EOS53112,-4.527,CSC1CNCC1N(C)C
307,EOS53250,-4.384,CN(C)C1CCNC1=O
308,EOS53833,-5.017,CCC1CNCC(CC)O1
309,EOS53115,-4.857,CNC1CCOCC1OC
310,EOS53117,-6.428,Cn1nccc1N1CCCC(N)C1=O
311,EOS53252,-5.174,CCN1CCC(NC2CC2)CC1
312,EOS53837,-4.849,NCCc1ccccn1
313,EOS53838,-5.486,C1COC(COC2CCNCC2)C1
314,EOS53120,-5.656,CC1CNCc2c[nH]nc21
315,EOS53253,-4.133,CNCc1nccs1
316,EOS53849,-5.373,COc1ccc(F)cc1CO
317,EOS53130,-4.909,CNCC1CCOCC1
318,EOS53853,-3.728,CSC(=N)N
319,EOS53854,-5.131,CC(C)(C)OC1CCNCC1
320,EOS53259,-5.382,c1ccc(NC2CCC2)cc1
321,EOS53141,-5.021,C[C@@]1(C(N)=O)CCCN1
322,EOS53148,-5.541,NCC(CN)c1ccccc1
323,EOS53871,-6.195,NCC1CC(=O)N(c2ccc(Cl)cc2)C1
324,EOS53149,-5.898,CC(N)(CN)c1ccccc1
325,EOS53151,-4.892,Cn1ccnc1SCCN
326,EOS53153,-6.412,CCC1CCc2ccccc2N1
327,EOS53877,-6.564,NCC1(O)CCN(Cc2ccccc2)C1
328,EOS53265,-7.168,O=C(NCCCc1ccccc1)NC1CCCCC1
329,EOS53880,-5.178,CCNC(=O)C1CNC1
330,EOS53157,-6.117,CNC(C)(C)c1ccc2c(c1)OCO2
331,EOS53881,-5.531,Cc1n[nH]c(C)c1CC(C)N
332,EOS53158,-5.219,COc1ccc(F)cc1
333,EOS53159,-5.12,CC(C)(N)c1c[nH]nn1
334,EOS53269,-5.232,CC(C)(N)c1ncccn1
335,EOS53167,-6.23,CC(=O)NC1Cc2ccccc2C1
336,EOS53168,-5.342,NCc1cccc(CO)c1
337,EOS53896,-6.803,CC(=O)N[C@@H]1c2ccccc2C[C@@H]1O
338,EOS53901,-6.102,CNC(=O)NC1CCOC2(CCSC2)C1
339,EOS53902,-4.45,OCc1sccc1Cl
340,EOS53903,-4.956,CNC1(C#N)CCOC1
341,EOS53904,-4.656,CCOC1CC(NC)C1
342,EOS53899,-5.27,Cc1ccc(F)cc1F
343,EOS53900,-5.876,CC(C)(O)Cc1ccccc1F
344,EOS53905,-5.028,Cc1ccc(CCO)o1
345,EOS53906,-6.046,CCn1ccnc1C(N)C1CCOCC1
346,EOS53275,-4.647,CNCC(=O)NC1CC1
347,EOS53908,-6.221,NCc1ccnc(OC2CCCCC2)c1
348,EOS54267,-6.002,OCCc1ccccc1C(F)(F)F
349,EOS53276,-4.733,NCC(CO)C1CCC1
350,EOS53909,-5.63,CC(C)C(N)C1(CO)CCCC1
351,EOS54270,-5.349,CCCNC(=O)c1cnn(C)c1C
352,EOS54271,-5.121,C=Cc1ccc(F)cc1
353,EOS53913,-6.241,NCCCN1C(=O)COc2ccccc21
354,EOS53279,-4.857,N[C@H]1CCC[C@@H]1O
355,EOS54276,-4.699,CNC(=O)CSC1CCCC1
356,EOS53919,-5.909,NCCNC(=O)c1ccc(O)cc1
357,EOS53280,-4.136,CN1CC(CN)C1
358,EOS53921,-4.354,CNCCC1CCCO1
359,EOS54283,-4.55,CC(C)(O)CNC1CC1
360,EOS53925,-4.008,CCNC1CNC1
361,EOS53926,-6.573,NC(=O)C1(N)Cc2ccccc2C1
362,EOS53928,-5.065,NC(=O)CC1CCCC1
363,EOS53931,-5.972,FC(F)(F)COc1ccccc1
364,EOS53285,-4.917,CCN(C)C(=O)C1CSCN1
365,EOS54293,-5.915,CC(O)CNC(=O)Nc1ccccc1
366,EOS53938,-4.662,CNCCN1CCOCC1
367,EOS53939,-6.648,CNC(=O)CC1CCOc2ccccc21
368,EOS53940,-4.062,CC(C)NC1CC1
369,EOS53941,-5.601,CC(=O)NCc1ccon1
370,EOS54301,-4.629,CC(C)N1CC(O)C1
371,EOS53944,-6.079,CC(C)NC(=O)Cn1cc(Br)ccc1=O
372,EOS53946,-3.96,COC1(C)CNC1
373,EOS54305,-4.418,NC1CCOCC1
374,EOS54308,-5.704,O=C(NCC1CC1)c1ccccc1
375,EOS53951,-5.298,CCC(=O)NC(C)c1cccs1
376,EOS54309,-5.706,CNC(=O)c1cccc(F)c1
377,EOS54312,-4.602,NC(C1CCC1)C1CC1
378,EOS53955,-4.759,CNC(=O)C1CCCO1
379,EOS53292,-5.171,OCc1ccccc1
380,EOS54316,-5.004,CC1CC(N)CC(C)N1
381,EOS53963,-4.828,CC(NC(N)=O)C1CC1
382,EOS53964,-4.728,OC1CCNCC1
383,EOS53295,-4.682,Cc1c[nH]c(CO)n1
384,EOS53968,-6.251,CNC(=O)C1CC1c1cccc(Br)c1
385,EOS53969,-5.158,NCC1CC(O)C1
386,EOS53296,-4.991,OCc1c[nH]nn1
387,EOS54328,-5.222,Cc1cccc(O)c1
388,EOS53970,-4.569,NC(=O)C1(N)CC1
389,EOS53972,-5.059,NC1CCNC1=O
390,EOS53297,-4.425,CC1CNC(=O)O1
391,EOS54330,-5.021,Cn1ccnc1CO
392,EOS54331,-4.349,CNC1CCCC1
393,EOS53973,-4.314,CN1CCC(N)C1
394,EOS54334,-4.945,NCc1cocn1
395,EOS53299,-4.942,CC1CNCC(O)C1
396,EOS53978,-4.944,CC1CC(O)CN1
397,EOS53980,-4.581,NCc1cn[nH]c1
398,EOS54339,-4.445,CC1(C)COCCN1
399,EOS54340,-9.725,C1CNCCOC1
400,EOS53301,-4.604,CNC1CC(F)(F)C1
401,EOS54341,-4.377,NC1=NCCCN1
402,EOS54342,-4.191,CC1(C)CC1(C)N
403,EOS53988,-4.442,CC1CCC(C)N1
404,EOS54344,-4.568,OC1CC2CCC1C2
405,EOS54347,-4.463,CNC1CC(O)C1
406,EOS53995,-5.944,Cc1c(C[N+](C)(C)C)n2ccccc2[n+]1C
407,EOS53998,-6.755,Cc1ccsc1CN(C)CC(=O)N(CCC(N)=O)c1ccccc1
408,EOS54356,-6.471,Clc1c(Br)nnc2ccccc12
409,EOS54001,-7.673,Cc1cc(C(=O)N2CCCC(c3nc(C)c(C)s3)C2)cnn1
410,EOS53308,-7.348,Cc1nc(CNC(=O)NCC(Cc2ccccc2)N(C)C)sc1C
411,EOS54013,-7.131,Cn1cncc1CNC1CC(C)(C)NC(C)(C)C1
412,EOS54014,-7.329,CCNC(=O)N1CCC(NC(=O)NCc2nc(C(C)(C)C)co2)C1
413,EOS54369,-7.215,CC(=O)c1cccc(NC(=O)CC2CCCC2)c1
414,EOS54371,-7.569,CC(C)N1CCN(C(=O)NC2CCn3ccnc32)CC1=O
415,EOS54016,-6.324,CC(C)OCCOC[C@@H](O)CN(C)Cc1nc2ccccc2o1
416,EOS53313,-7.376,C[C@@H](CNC(=O)CS(=O)(=O)CCCc1ccccc1)N1CCCCC1=O
417,EOS54379,-7.02,Cn1[nH]c(=NCCc2cccs2)c(=O)n(C)c1=O
418,EOS53318,-6.363,C[C@H](O)CN1CCN(C(=O)c2ccc(Br)o2)CC1
419,EOS54039,-7.073,CCN(C)c1ccccc1NC(=O)C[C@H]1CCS(=O)(=O)C1
420,EOS54041,-7.718,CC(NC(=O)NCc1ccc(Cl)cc1)c1nnc2n1CCC2
421,EOS54393,-6.646,CCC(CC)(CCO)CNC(=O)NCCN1CCCC[C@@H]1C
422,EOS53322,-7.063,C[C@]1(NC(=O)CNc2ccccc2)CCS(=O)(=O)C1
423,EOS53324,-7.361,C[C@@H](CNC(=O)NCc1cc(Cl)ccn1)N1CCOCC1
424,EOS54055,-7.607,Cc1c(O)n(-c2cccc(Cl)c2Cl)c(=O)n1C1CCC1
425,EOS54408,-7.131,CN(CCCNC(=O)Nc1cccc(C(=O)N2CCOCC2)c1)CC(F)(F)F
426,EOS53333,-6.938,Cc1cc(OC[C@@H](O)CN2CCN(CCO)CC2)cc(C)c1Cl
427,EOS54096,-7.116,CC(C)NC(=O)C1CC1c1ccc2c(c1)OCCO2
428,EOS54447,-6.891,CCC[C@H](C)NC(=O)CCN1C(=O)c2ccccc2C1=O
429,EOS54452,-6.699,COc1ccc(NC(=O)NC[C@H](C)N2CCCC2)cn1
430,EOS53341,-6.553,COCCn1cc(C(O)NCc2ccccn2)cc1O
431,EOS53344,-7.486,COc1ccccc1OCCNC(=O)c1ccc(F)cc1
432,EOS54475,-7.987,Cc1ccccc1N1CCN(CC(=O)NC(=O)NC(C)C)CC1
433,EOS54142,-6.022,CCc1ccc(NCC(F)(F)F)cc1
434,EOS54497,-5.092,ON=Cc1ccc(I)o1
435,EOS53349,-8.277,O=C(Cc1ccccc1)NC(Cc1ccccc1)C(=O)N1CCCCC1
436,EOS54160,-6.747,CCN(CC)C(=O)NC1CCN(C(=O)C(C)(C)C)CC1
437,EOS54176,-6.786,CC(C)Oc1cccc(N2CCN(C(C)C)CC2)n1
438,EOS54179,-6.282,COCc1ccc(C(=O)N(C)CCOc2ccccc2)o1
439,EOS54530,-7.097,C[C@H]1c2cccn2CCN1C(=O)CC1CCCCC1
440,EOS54532,-6.945,Cc1ncccc1CNCC1CCN(C[C@H](C)O)CC1
441,EOS54188,-5.889,CCCS(=O)(=O)NCC1CC2C=CC1C2
442,EOS54193,-8.262,Cn1c(C(=O)NCc2ccco2)cc2c(=O)n3ccccc3nc21
443,EOS54197,-7.328,CC(=O)c1ccccc1OCC(=O)N1CCOCC1
444,EOS54541,-6.623,CN(C)[C@@H](Cn1c(O)cn(C2CC2)c1=O)c1ccccc1
445,EOS53364,-6.485,CCc1cc(C)nc(-c2ccc(OC)cc2)n1
446,EOS54559,-6.72,COc1ccc([C@@H](NC(=O)CN(C2CC2)C(C)(C)CO)C(C)C)cc1
447,EOS54562,-7.559,COc1ccccc1OCC(O)CN(Cc1ccc(C)cc1)C1CCS(=O)(=O)C1
448,EOS54568,-7.22,CCCN(CCC)CCCNC(=O)CCNC(=O)Cn1cnc2ccccc2c1=O
449,EOS54240,-7.391,COCCCNC(=O)CCc1c(C)nc2cc(-c3ccccc3)nn2c1C
450,EOS53373,-6.461,CC[C@H](O)CN1CCN(C(=O)c2csc(Br)c2)CC1
451,EOS53374,-8.058,Cc1cccn2c(=O)c3cc(C(=O)N(C)C)n(C)c3nc12
452,EOS54248,-7.1,CCOCCCNC(=O)CCc1nnc2ccc(N3CCN(C)CC3)nn12
453,EOS54252,-8.037,CN(C)CCNC(=O)c1cc2n(n1)CC(C)(C(=O)NCc1ccccc1)N(C)C2=O
454,EOS54596,-7.395,COCc1ccccc1CNC(=O)CN(C)[C@H]1CCS(=O)(=O)C1
455,EOS54603,-7.245,COCCn1cc(C(O)NCc2ccc(C)cc2)cc1O
456,EOS54634,-7.024,CCN(C)CCNC(O)c1cc(O)n(-c2cc(OC)ccc2OC)c1
457,EOS54613,-6.601,CCN(C)CCNC(O)c1cc(O)n(-c2ccc(OC)cc2OC)c1
458,EOS53383,-6.905,CC(Oc1ccccc1)C(=O)NCCN1CCOCC1
459,EOS54648,-7.982,Cc1cccc(C)c1NC(O)c1cc(O)n(C2CCCCC2)c1
460,EOS54649,-7.917,COc1ccc(-n2cc(C(O)N3CCCC(C)C3)cc2O)cc1
461,EOS54624,-7.193,CC(C(=O)NCCc1ccc(F)cc1)N1CCN(CCO)CC1
462,EOS54628,-6.941,COCC(C)n1cc(C(O)Nc2cccc(OC)c2)cc1O
463,EOS54654,-7.259,COCC(C)n1cc(C(O)Nc2ccc(C(C)C)cc2)cc1O
464,EOS53389,-7.87,CC1CCN(C(O)c2cc(O)n(-c3ccc(Cl)cc3)c2)CC1
465,EOS53390,-7.591,COC[C@H](C)N1CCN(Cc2cn(C)nc2-c2ccccc2)CC1
466,EOS54662,-6.855,CCCCn1cc(C(O)Nc2ccc(C(C)=O)cc2)cc1O
467,EOS54663,-7.277,COCCNC(O)c1cc(O)n(-c2cc(C)ccc2OC)c1
468,EOS55004,-6.577,CC(C)CCNC(=O)CCc1ccc2c(c1)OCO2
469,EOS55008,-6.306,COCCCNC(=O)CCc1ccc2c(c1)OCO2
470,EOS53393,-6.499,COCCNC(=O)CCc1ccc2c(c1)OCO2
471,EOS55010,-6.525,CCC(C)NC(=O)CCc1ccc2c(c1)OCO2
472,EOS54675,-6.263,CNC(=O)CCc1ccc2c(c1)OCO2
473,EOS55016,-6.525,CC(C)NC(=O)CCc1ccc2c(c1)OCO2
474,EOS55019,-6.645,CC(C)(C)NC(=O)CCc1ccc2c(c1)OCO2
475,EOS54680,-6.347,CCCNC(=O)CCc1ccc2c(c1)OCO2
476,EOS54684,-6.565,CC(C)CNC(=O)CCc1ccc2c(c1)OCO2
477,EOS54685,-7.788,COc1ccc(C2CCCN2C(O)Cc2nc(=O)c3ccccc3[nH]c2=O)c(OC)c1
478,EOS54689,-6.351,CCCCNC(=O)CCc1ccc2c(c1)OCO2
479,EOS54692,-6.302,CCNC(=O)CCc1ccc2c(c1)OCO2
480,EOS55030,-7.879,CN1CCN(C)[C@@H](CNC(=O)NCCc2cccc(Cl)c2)C1
481,EOS55032,-7.193,CC(C)(C)C(=O)N1CCC(Cc2ccccc2)CC1
482,EOS53400,-5.964,CCNC(=O)c1ccc(OCC)c(OCC)c1
483,EOS55034,-5.895,CCOc1ccc(C(=O)NC(C)C)cc1OCC
484,EOS54694,-7.017,COc1ccc(CNC(=O)c2ccccc2)cc1OC
485,EOS54695,-6.149,CCC(=O)NCc1ccc2c(c1)OCO2
486,EOS55037,-6.563,COCCN1CCN(CC(=O)NCCc2cccs2)C[C@@H]1C
487,EOS55038,-7.074,CC(C)NC(=O)c1ccccc1NC(=O)C1CCCC1
488,EOS55040,-6.928,O=C(CCc1ccc(F)cc1)NCc1cccnc1
489,EOS53402,-6.325,CCOc1ccc(C(=O)NC2CC2)cc1OCC
490,EOS55043,-8.379,COc1cc(OC)c(-n2cc(C(O)N3CCN(C(=O)c4ccco4)CC3)cc2O)cc1Cl
491,EOS55047,-6.782,CCO[C@H]1CCCN(C(=O)CCOc2ccc(C)cc2OC)C1
492,EOS54705,-8.308,O=C(Cn1c(=O)c2cccn2c2ccccc21)N1CCCC1
493,EOS54706,-11.263,Cc1cccc(-n2cc(C(O)N3CCCCCC3)cc2O)c1
494,EOS55049,-7.459,Cc1cccc(-n2cc(C(O)N3CCCC3)cc2O)c1
495,EOS53404,-7.591,Cc1ccc(-n2cc(C(O)N3CCOCC3)cc2O)cc1
496,EOS55051,-6.462,CCN(CC)[C@@H](C)CNC(=O)Cc1csc(-c2ccco2)n1
497,EOS54709,-11.839,Cc1cc(C)n(CCN2CCCS(=O)(=O)C[C@H]2c2ccccc2)n1
498,EOS54712,-6.562,CCNC(=O)c1ccc2c(c1)CCN2C(C)=O
499,EOS53406,-6.625,CCC(=O)N1CCc2cc(C(N)=O)ccc21
500,EOS54717,-6.599,CCC1C(=O)NCCN1Cc1c(C)cccc1OC
501,EOS55066,-6.424,CC[C@H](C)N(C)CCNC(=O)Cc1nc(-c2cccs2)oc1C
502,EOS54733,-6.641,Cc1cc(C(=O)NCC2CCCO2)nn1C
503,EOS54736,-7.713,CC(C)N1CCN(C(=O)c2cc(-c3ccccc3)[nH]n2)CC1
504,EOS54738,-10.64,Cc1n[nH]c(C2CCN(C(=O)C3CC3)CCN2CCc2ccccc2)n1
505,EOS54746,-7.49,COc1ccccc1NC(=O)CC1NCCNC1=O
506,EOS54748,-6.577,Cc1cc(=NC[C@H](O)CO)[nH]c2ccccc12
507,EOS55089,-6.502,CCc1nc(CN(C)C(=O)N[C@H]2[C@@H]3CNC[C@@H]32)cs1
508,EOS53416,-8.646,Cn1c(=O)c2c(nc(CN3CCN(Cc4ccccc4)CC3)n2CCN2CCOCC2)n(C)c1=O
509,EOS54751,-7.462,COc1ccc(-n2c(O)cc(N3CCC(C(N)=O)CC3)c2O)cc1
510,EOS54754,-7.622,CC(C(=O)N(C)C1CCCCC1)N(C)Cc1nnc2n1CCNC2=O
511,EOS55099,-7.829,CCN1CCN(c2ccccc2CN=c2cc[nH]c(C(=O)N(C)C)c2)CC1
512,EOS53418,-6.954,C[C@@H](CNC(=O)N=c1cc(C#N)cc[nH]1)CN1CCN(C)CC1
513,EOS54758,-12.44,CC(C(=O)N1CCC(C(N)=O)CC1)N1CCCc2occc2C1
514,EOS54761,-6.181,COc1ccnc(CN(C)CC2CCOCC2)c1OC
515,EOS55106,-6.962,COCc1nc(=NCC(=O)N2CCN(C)CC2)cc[nH]1
516,EOS55117,-6.237,O=C1C[C@H](CO)CN1Cc1ccccc1
517,EOS55122,-7.871,CCN(C)C(=O)C(C)NC(=O)NCc1ccc(OCc2ccccc2)cc1
518,EOS55128,-11.144,O=C(NCCCN1CCCCCC1=O)C(c1cccc(Br)c1)N1CCCC1
519,EOS54788,-6.658,COCCN1CCN(CCOc2ccccc2OC)C[C@@H]1C
520,EOS55133,-7.088,CC(C)c1ncc2c(n1)CN(CCCNS(C)(=O)=O)CC2
521,EOS54791,-7.616,CC(C)c1ccc(C(=O)NC[C@@H](C(C)C)N2CCOCC2)cc1
522,EOS55142,-7.381,CCOCCC(=O)N1CCCC(c2cc(C(F)(F)F)[nH]n2)C1
523,EOS55147,-7.842,C[C@H]1CN(CCC(=O)N2CCc3ccccc3C2)C(C)(C)CO1
524,EOS55149,-6.942,CN(C[C@@H](O)CC(F)(F)F)C(C)(C)c1ccc2c(c1)OCO2
525,EOS54808,-6.7,COCc1nc(CNCC2CCCn3ccnc32)cs1
526,EOS55158,-7.466,C[C@H](O)CN1CCN(Cc2cc(Cl)c3c(c2)OCCO3)CC1
527,EOS55161,-6.866,CN(CCNC(=O)C1CSCN1C(=O)C1CCCC1)C1CC1
528,EOS54820,-6.315,C[C@H](O)CN1CCN(C(=O)c2ccc(Br)s2)CC1
529,EOS55164,-7.192,CC(C)CC(NC(=O)C1OC1C(=O)O)C(=O)NCCCCN=C(N)N
530,EOS55165,-8.099,COc1cc(C(=O)N2CCN(C[C@H](C)O)CC2)cc2c1OCCO2
531,EOS53438,-6.332,CC(C)c1ccc(CCN(CCC#N)CCN2CCOCC2)cc1
532,EOS54825,-6.572,CCC(C(=O)Nc1cn(CC)cc(Br)c1=O)N(C)C
533,EOS55173,-6.612,CCOC(=O)NCCCC(=O)NCCc1ccccc1
534,EOS55176,-7.034,CCC(C)(C)NC(=O)C(C)Nc1cccc(NC(=O)CO)c1
535,EOS54833,-6.412,CNS(=O)(=O)Cc1ccc2[nH]cc(CCN(C)C)c2c1
536,EOS54834,-7.653,Cc1cccc(-c2nnc(C(C)NCC3CCN(CCO)CC3)o2)c1
537,EOS55180,-7.911,CCO[C@H]1CCCN(C(=O)c2cccc(Cn3nc(C)cc3C)c2)C1
538,EOS55186,-6.739,C[C@@H](c1ccc(NC(=O)NCCN(C)C2CC2)cc1)N1CCOCC1
539,EOS55187,-7.598,CCOC[C@H]1CCCN(C(=O)c2ccnc(Oc3ccccc3)c2)C1
540,EOS54842,-6.938,C[C@@H](NCCc1ccc(O)cc1)[C@@H](O)c1ccc(O)cc1
541,EOS55192,-6.523,COCCN1CCN(CCNS(=O)(=O)c2ccccc2)C[C@@H]1C
542,EOS55210,-5.707,CCC(C)C(=O)NCc1nc(C)cs1
543,EOS55213,-5.708,O=C(NCc1cccs1)C1CCCO1
544,EOS53452,-5.927,CC#CCN[C@@](C)(COC)c1ccccc1
545,EOS55217,-5.307,OCCc1ccc(O)cc1
546,EOS54872,-6.529,C[C@H](O)CN1CCN(C(=O)c2ccco2)CC1
547,EOS55219,-5.595,CC(C)OCCCC(=O)N1CC[C@H](CO)C1
548,EOS55221,-5.565,CC(C)N(Cc1ccncc1Cl)C(C)C
549,EOS54882,-6.917,CCC(C)C(N)C(=O)N1CCCC1C(=O)NC(C(=O)O)C(C)CC
550,EOS54883,-6.964,CC(C(=O)Nc1cccc(F)c1)N1CCC(O)CC1
551,EOS54884,-5.766,CC(=N)NCCSCCC(N)C(=O)O
552,EOS54885,-6.267,CC[C@@H](CNC(=O)c1sccc1C)N1CCCC1
553,EOS55239,-6.451,Cc1nc(CC(=O)N2CCN(CCO)CC2)cs1
554,EOS55244,-6.506,Cc1ccc(CC(=O)N2CCN(CCO)CC2)s1
555,EOS55245,-6.443,CN(CCC#N)C(O)c1cc(O)n(Cc2ccco2)c1
556,EOS54897,-5.998,CCC(C)(C)C(=O)N(O)Cc1ccccc1
557,EOS53463,-7.074,CCc1ccc(C(=O)N2CCN(C[C@H](C)O)CC2)o1
558,EOS55248,-5.261,CSCCn1cc(Br)cc(C)c1=O
559,EOS55249,-6.978,CN(CCN1CCC[C@H](OCCO)C1)c1ccccc1
560,EOS54899,-6.471,CCN(CCO)C(=O)Cc1ccc(NC(C)=O)cc1
561,EOS54901,-7.058,O=C(C[C@@H]1C=CCC1)N1CCN(Cc2ccncc2)CC1
562,EOS54902,-6.673,CN(C)[C@@H](CNC(=O)CC1CCCCC1)c1ccsc1
563,EOS55258,-7.286,O=C(CN1CCC[C@H]1CO)NCc1ccc2c(c1)OCO2
564,EOS54907,-6.968,CC[C@H](O)CN1CCN(C(=O)c2cc(C)oc2C)CC1
565,EOS54910,-6.563,CC(C)C[C@H](C)N(C)CCN1C(=O)c2ccccc2C1=O
566,EOS55261,-7.428,Cn1nc2n(c1=O)CCN(CCCCc1ccc(Cl)c(Cl)c1)C2
567,EOS55269,-6.919,C[C@H]1CN(C(=O)c2ccc(Br)o2)CC(C)(C)O1
568,EOS55273,-6.001,CCCCN(CCO)CC(=O)N1CCC[C@H]1c1cccs1
569,EOS55274,-7.424,CC(C)N(C)CC(=O)N1CCC[C@H]1c1ccc2c(c1)OCCO2
570,EOS55278,-10.134,N=C(N)NCCCC1NC(=O)C(CCCCN)NC(=O)[C@@H](Cc2ccccc2)NC(=O)[C@H](CC(=O)O)NC(=O)CNC1=O
571,EOS55294,-7.886,C/C=C1\C2C=C(C)CC1(N)c1ccc(=O)[nH]c1C2
572,EOS54953,-7.693,CN(C(=O)CNC(=O)c1ccccc1Br)[C@H]1CCS(=O)(=O)C1
573,EOS55323,-6.769,NCCCNCCCCNCCCNC(=O)Cc1cccc2ccccc12
574,EOS54977,-6.191,C[C@H]1CS(=O)(=O)CCN1CC1CCC1
575,EOS55330,-5.941,CCC(=O)N1CCC[C@H]1c1cccs1
576,EOS54980,-5.962,CN(C)C(=O)CN1CCC[C@H](N(C)C)C1
577,EOS53493,-5.88,CO[C@@H](CNC(=O)N1CCOCC1)C(C)C
578,EOS54990,-6.281,CC(=O)c1cc(CCC(=O)N(C)C)oc1C
579,EOS55343,-6.517,O=C(CC[C@H]1CCCO1)NCc1ccccn1
580,EOS53496,-6.456,CC[C@H]1CN(C(=O)c2ccc(C)o2)CCO1
581,EOS55350,-6.928,COc1ccc(CCc2cc(OC)c(OC)c(OC)c2)cc1O
582,EOS54997,-6.695,CCC(CC)OC1=CC(C(=O)O)C[C@H](N)[C@H]1NC(C)=O
583,EOS53499,-8.575,N[C@](CC1c2ccccc2Oc2ccccc21)(C(=O)O)[C@H]1CC1C(=O)O
584,EOS55367,-7.762,CSCCC(NC(=O)C(N)Cc1ccccc1)C(=O)N[C@@H](CCCN=C(N)N)C(=O)N[C@@H](Cc1ccccc1)C(N)=O
585,EOS55369,-5.393,CC(C)n1ccnc1CSCCN(C)C
586,EOS53502,-5.863,CS(=O)(=O)CCCONC1CCCC1
587,EOS55376,-6.175,CC(C)(O)CCON=C(N)Cc1ccccc1
588,EOS55382,-5.471,CCN(CC)CCCSc1n[nH]c(C)n1
589,EOS55736,-6.893,O=C(N[C@H]1CCc2nccn2C1)C1CCOCC1
590,EOS53507,-5.691,CCCCNc1ccc(C(=O)OCCN(C)C)cc1
591,EOS55743,-5.686,Cc1cc(C(=O)NCCSCCCO)n(C)n1
592,EOS55400,-4.641,NCCCCCC(=O)O
593,EOS55758,-5.588,N=C(N)NOCCC(N)C(=O)O
594,EOS53514,-7.547,O=C(O)C1CCCN(CCC=C(c2ccccc2)c2ccccc2)C1
595,EOS55414,-5.267,NC(CO[PH](=O)(=O)O)C(=O)O
596,EOS55415,-6.343,CCOc1cc(NC(C)=O)ccc1C(=O)OC
597,EOS55774,-6.622,Cc1cccc(NC(=O)CON=C(N)CCO)c1
598,EOS55776,-6.513,NC(Cc1ccc(O)c(I)c1)C(=O)O
599,EOS53520,-5.439,NC(CCC(=O)[O-])C(=O)O
600,EOS55784,-5.703,OC[C@H]1NC[C@H](O)[C@@H](O)[C@@H]1O
601,EOS55788,-6.419,COC[C@@H](O)Cn1ccnc1C(=O)c1ccccc1
602,EOS55789,-6.974,C[C@@H](CNC(=O)C1CCOCC1)N(C)c1ccccc1
603,EOS55797,-7.334,CC[C@H](C)C(NC(=O)C(Cc1ccc(O)cc1)NC(=O)[C@@H](NC(=O)[C@H](CCCNC(=N)N)NC(=O)[C@@H](N)CC(=O)O)C(C)C)C(=O)N[C@@H](Cc1c[nH]cn1)C(=O)N1CCC[C@H]1C(=O)O
604,EOS55448,-7.808,COc1c(O)cc2c(c1O)[C@@H]1O[C@H](CO)[C@@H](O)[C@H](O)[C@H]1OC2=O
605,EOS55798,-4.939,NCCCC(=O)O
606,EOS53525,-5.356,O=[PH](=O)(O)C[PH](=O)(=O)O
607,EOS55460,-6.361,COCCN1CCN(CCCc2ccccc2)C[C@@H]1C
608,EOS55837,-6.752,N=C(N)NCCCC(N)C(=O)NCC(=O)NC(CC(=O)O)C(=O)NC(CS)C(=O)O
609,EOS55864,-6.617,CC(C)C(N)C(=O)NC(Cc1ccccc1)C(=O)O
610,EOS55865,-6.593,CCCNC(=O)C1OC1C(=O)NC(C(=O)N1CCCC1C(=O)OC)C(C)CC
611,EOS55514,-6.603,Cc1cc(C)n(C[C@@H](C)CNC(=O)c2cccs2)n1
612,EOS55545,-6.218,CN(C)CCOC(c1ccccc1)c1ccccc1
613,EOS55898,-6.1,CC(=O)N(O)CCCCCNC(=O)CCC(=O)N(O)CCCCCNC(=O)CCC(=O)N(O)CCCCCN
614,EOS55906,-6.124,CCCN(CC1CC1)C(O)c1cc(O)n(CCN(C)C)c1
615,EOS55909,-7.772,O=C(C1CC=CCC1)N1CCN(Cc2ccncc2)CC1
616,EOS55915,-7.804,C[N+]1(C)CCC(OC(=O)C(O)(c2ccccc2)C2CCCC2)C1
617,EOS55565,-6.532,CCOC(=O)C1=CC(OC(CC)CC)[C@H](NC(C)=O)[C@@H](N)C1
618,EOS55917,-6.81,CCN1CC[C@H](CNC(=O)NCc2cccnc2OC)C1
619,EOS55929,-7.103,CCc1ccc(-n2cc(C(O)N(CC)CC)cc2O)cc1
620,EOS55578,-9.554,C[C@H]1CN(Cc2ccccc2)CCCN1CCCCCO
621,EOS56120,-6.627,CCOC(=O)c1ccc(OC(=O)CCCCCN=C(N)N)cc1
622,EOS55951,-6.993,C[C@@H](CNC1CCC2(CC1)OCCO2)c1ccsc1
623,EOS55600,-6.684,COC[C@@H](O)CN(C)Cc1nc2c(s1)CC(C)(C)CC2
624,EOS56124,-5.757,CC[N+](CC)(CC)CCOc1cccc(OCC[N+](CC)(CC)CC)c1OCC[N+](CC)(CC)CC
625,EOS55962,-4.049,C[N+](C)(C)CC(=O)O
626,EOS55972,-5.906,CCNC(=O)/C=C/c1cccc(Br)c1
627,EOS56133,-6.53,CC(N)C12CC3CC(CC(C3)C1)C2
628,EOS55637,-6.739,CCC(=O)NC[C@@H]1C[C@H]1c1cccc2c1CCO2
629,EOS55994,-5.854,OCCN1C[C@H](O)[C@@H](O)[C@H](O)[C@H]1CO
630,EOS56137,-8.059,C[C@@H]([C@@H](O)c1ccc(O)cc1)N1CCC(O)(c2ccccc2)CC1
631,EOS55997,-5.044,NCCc1ccccc1
632,EOS55653,-4.409,NCCc1c[nH]cn1
633,EOS55655,-5.027,CC(O)(CC(=O)O)CC(=O)O
634,EOS55661,-6.077,CC(C)c1cccc(=O)c(O)c1
635,EOS56006,-7.466,OC(CCN1CCCCC1)(c1ccccc1)C1CC2C=CC1C2
636,EOS55663,-5.336,CCCCCCCCCCCCCCCC(=O)NCCO
637,EOS56009,-5.857,CCCCN1C[C@H](O)[C@@H](O)[C@H](O)[C@H]1CO
638,EOS56142,-5.225,CC(=O)CC(=O)CCC(=O)O
639,EOS55669,-7.006,NC(Cc1ccc(O)c(O)c1)C(=O)O
640,EOS56021,-5.705,NCCCNCCCCNCCCN
641,EOS55681,-6.63,CC(NC(=O)C(N)Cc1ccc(O)cc1)C(=O)NCC(=O)N(C)C(Cc1ccccc1)C(=O)NCCO
642,EOS56148,-6.975,O=C(NCCN1CCOCC1)c1ccc(Cl)cc1
643,EOS56150,-7.884,CSCCC(NC(=O)C(Cc1ccccc1)NC(=O)CNC(=O)CNC(=O)C(N)Cc1ccc(O)cc1)C(=O)O
644,EOS56042,-5.971,CCN(CC)C(=O)c1ccc(O)c(OC)c1
645,EOS55701,-4.384,C[N+](C)(C)CCOC(N)=O
646,EOS56043,-8.662,CC(C)(C)c1cc(Br)cc([C@H](CC(=O)O)NC(=O)CNC(=O)c2cc(O)cc(NC3=NCC(O)CN3)c2)c1
647,EOS56047,-6.678,N[C@@]1(C(=O)O)CS(=O)(=O)[C@H]2C(C(=O)O)[C@H]21
648,EOS56060,-6.363,COCCCOc1cc(C[C@@H](C[C@H](N)[C@@H](O)CC(C(=O)NCC(C)(C)C(N)=O)C(C)C)C(C)C)ccc1OC
649,EOS55725,-7.79,O=C(O)CCC/C=C\C[C@H]1[C@@H](O)C[C@@H](O)[C@@H]1/C=C/[C@@H](O)COc1cccc(Cl)c1
650,EOS56064,-4.397,NCCCCNCCCN
651,EOS56164,-6.858,CC(C)Oc1cccc(C(=O)N2CC[C@H](N3CCN(C)CC3)[C@H](CCCO)C2)c1
652,EOS56077,-8.045,Cc1cc(C(=O)N2CCCC(CCc3ccc(F)cc3)C2)c(=O)n(C)c1C
653,EOS56168,-7.649,CNC(=O)CN1CCCC(N2CCN(Cc3ccc4c(c3)OCO4)CC2)C1
654,EOS56475,-12.746,CCN(CCc1nc2cc(OC)ccc2[nH]1)C(=O)C1CCC(=O)NC(=O)N1
655,EOS56170,-7.009,CNC(=O)CC1C(=O)NCCN1Cc1ccc(OC)cc1OC
656,EOS56486,-8.652,Cc1ccc2nc(C(=O)NC3COC4(CCCCC4)C3)cn2c1
657,EOS56487,-11.416,CN1C(=O)CN(CCCCOc2ccccc2)C(=O)c2ccccc21
658,EOS56488,-7.017,CCNC(=O)CC1C(=O)NCCN1Cc1ccccc1OCC
659,EOS56491,-6.844,CSc1ncc(CNC(=O)CCC2CCCCN2C)n1C
660,EOS56830,-6.948,CN(CCO)C(=O)CC1C(=O)NCCN1Cc1ccccc1
661,EOS56832,-8.384,CN1CCN(Cc2nnc(C3CCN(C(=O)c4ccccc4)CC3)n2C)CC1
662,EOS56834,-7.153,CCNC(=O)CC1C(=O)NCCN1Cc1ccc(Cl)c(F)c1
663,EOS56495,-7.032,CCn1cc(C(O)NCCCc2ccccc2F)cc1O
664,EOS56497,-7.383,CNC(=O)CC1C(=O)NCCN1Cc1ccc(OC)c(C)c1
665,EOS56502,-6.759,CSCC(=O)N1CCC(c2nnc(CN3CCC(O)CC3)n2C)CC1
666,EOS56843,-7.629,CC(O)CCNS(=O)(=O)c1ccc2c(c1)CN(C(=O)CC1CC1)CC2
667,EOS56845,-8.359,Cc1cc(C(=O)N2CCC(C(O)c3cccs3)CC2)c2c(C)nn(C)c2n1
668,EOS56507,-7.381,CCC(CC)N(CC)C(=O)CC1C(=O)NCCN1Cc1ccccc1C
669,EOS56849,-7.732,Cc1ccc(C(CNC(=O)c2nn(C)cc2Cl)N2CCOCC2)o1
670,EOS56182,-7.008,CCCc1nc(C(=O)NCC(c2ccc(C)o2)N2CCOCC2)cs1
671,EOS56859,-8.231,CC(C)c1nccc(C(=O)NCC(c2cccnc2)N2CCOCC2)n1
672,EOS56185,-8.273,Cc1cccc2nc(CNC(=O)CCN(C)C3CCS(=O)(=O)C3)cn12
673,EOS56866,-7.326,CCCN1CCN(Cc2cccc(OC)c2)[C@H]2CS(=O)(=O)C[C@H]21
674,EOS56868,-7.292,CCN1CC2(CCN(C(=O)COC(C)C)CC2)CC(c2ccccc2)C1=O
675,EOS56527,-6.718,CCCCc1nn(CC(=O)N2CCC(COC)C2)c(=O)n1Cc1ccccc1
676,EOS56874,-8.236,CCc1ccc(CN2CCC(c3nnc(Cn4cccn4)n3CC)CC2)nc1
677,EOS56875,-8.112,CC(C)c1nnsc1CNC(=O)Cc1c(O)n(C)c(=O)n1C
678,EOS56877,-7.856,CCCc1cc(C(=O)N2CCN(CCOc3ccccc3)CC2)[nH]n1
679,EOS56532,-7.095,CN(C)C(=O)CCN1CCOC(CC(c2ccccc2)c2ccccc2)C1
680,EOS56885,-8.31,CCc1cc(C(=O)NCC=C2CC[C@H]3CC2C3(C)C)cc(=O)[nH]1
681,EOS56888,-8.356,NCC(=O)N1CCCC(N2CCN(Cc3ccc4c(c3)OCO4)CC2)C1
682,EOS56891,-6.923,CN(C)Cc1cccc(C(=O)NCCN2CCCCC2CO)c1
683,EOS56892,-7.458,COCCC(=O)N1CCC(c2nnc(CN3CCC(O)CC3)n2C)CC1
684,EOS56545,-7.366,CC(=O)NCCC(=O)N1CCCC(c2[nH]ncc2-c2ccc(C)cc2)C1
685,EOS56193,-6.664,COCc1ccc(C(=O)NCc2cc(C)nn2C)s1
686,EOS56897,-7.841,Cc1ccc(CN2CCN(C3CCNC3)CC2)c(Cl)c1Cl
687,EOS56898,-10.967,CCn1cc(C(=O)N2CCCC3(CCCO3)CC2)cn1
688,EOS56552,-7.34,O=C(CC1CCCOC1)NCCc1ccccc1F
689,EOS56553,-7.693,Cc1cc2cc(C(=O)NCCC3CCC(=O)N3CCN(C)C)ccc2o1
690,EOS56556,-8.133,CC(CCc1ccccc1)NC(=O)c1cc(=O)n(C)c(=O)n1C
691,EOS56909,-7.063,COc1ccc(CN2CCNC(=O)C2CC(=O)NCCN(C)C)c(F)c1
692,EOS56198,-9.105,O=C1CCC2(CCN(C(=O)NCc3ccccc3)CC2)CN1Cc1ccccn1
693,EOS56561,-11.032,CCOc1ccc(CN2CCNC(=O)C2CC(=O)N2CCCCCC2)cc1
694,EOS56912,-6.35,Cn1nccc1CCC(=O)NCC1CCCNC1
695,EOS56570,-7.949,COc1cccc(N2CCN(Cc3[nH]nc(C)c3Cl)C(C)C2=O)c1
696,EOS56919,-8.145,CC(=O)NCCNC(=O)C1(N(C)CCc2ccccc2)Cc2ccccc2C1
697,EOS56203,-7.172,CCC(=O)N1CCC(c2nnc(CN3CCN(C)CC3)n2C)CC1
698,EOS56928,-7.145,CCn1c(Cn2cccn2)nnc1C1CCN(CCOC)CC1
699,EOS56204,-8.822,Cn1c(=O)n(C)c2cc(NC(=O)NCC3CC(=O)N(C4CCCC4)C3)ccc21
700,EOS56582,-6.283,CCc1cc(C(=O)NCCCCNC)cc(=O)[nH]1
701,EOS56205,-7.839,Cc1cnc(CN2CC3(CCCN(C(=O)COC(C)C)C3)CCC2=O)cn1
702,EOS56933,-12.544,Cc1cc(C)n(CC2(CNC(=O)C3CCC(=O)NC(=O)N3)CC2)n1
703,EOS56934,-7.511,CC(=O)Nc1ccc(CN2CCN(C3CCNC3)CC2)cc1
704,EOS56937,-7.841,CC(=O)NC(C)C(=O)N1CCC2(CC1)CC(=O)N(Cc1ccc(Cl)cc1)C2
705,EOS56941,-8.43,COc1cc2c(cc1CNC(=O)Cc1c(O)n(C)c(=O)n1C)OCCO2
706,EOS56942,-8.675,CO[C@H]1[C@H](NC(=O)CCc2cccnc2)c2ccccc2C12CCNCC2
707,EOS56943,-6.674,COCc1ccc(C(=O)NCCN2CCCCC2CO)cc1
708,EOS56595,-7.751,CCCN1CCN(C(=O)c2ccc(O)cc2)[C@H]2CS(=O)(=O)C[C@H]21
709,EOS56596,-7.169,CCOc1ccc(CCNC(=O)C2CC23CCNCC3)cc1
710,EOS56211,-7.605,CCN(CCSc1ccc(C)cc1)C(=O)Cc1c(O)n(C)c(=O)n1C
711,EOS56952,-7.819,CCCC(C)N1CC2(CCN(C(=O)c3ccc(C)c(O)c3)CC2)OC1=O
712,EOS56604,-7.056,COCCNC(=O)CC1C(=O)NCCN1Cc1ccc(Cl)c(F)c1
713,EOS56212,-8.597,O=C1CCC2(CCN(C(=O)Nc3ccccc3)CC2)CN1Cc1cccnc1
714,EOS56607,-11.19,Cc1cnc2c(C(=O)N3CCCC4(CCCO4)CC3)cnn2c1
715,EOS56965,-11.782,O=C(c1cc2ncccn2n1)N1CCCC2(CCCO2)CC1
716,EOS56966,-10.062,NC1CCCCN(C(=O)CCCOCc2ccccc2)C1
717,EOS56968,-6.425,CCc1cc(N(C)CCC(=O)NC)n2nccc2n1
718,EOS56621,-8.007,CCNC(=O)N1CCC2(CC1)CC(c1ccccc1)C(=O)N(CC)C2
719,EOS56970,-7.473,COCc1cc(CNC(O)c2cc(O)n(-c3ccc(C(C)C)cc3)c2)[nH]n1
720,EOS56972,-6.943,CCCCC(=O)N1CCc2ccc(S(=O)(=O)NCCC(C)O)cc2C1
721,EOS56218,-10.354,CN(C)CC1COCCN(C(=O)c2ccc(CO)cc2)C1
722,EOS56627,-8.573,CCC(C)C(N)C(=O)N1CCC2(CCC(=O)N(CCc3c[nH]cn3)C2)CC1
723,EOS56219,-12.113,O=C1CCC(C(=O)NCCOCc2ccccc2)NC(=O)N1
724,EOS56629,-8.355,CCc1nc(C)c(CNC(=O)C2COc3ccccc3C2)s1
725,EOS56631,-8.234,CCCn1cnnc1CNC(=O)C1COc2ccccc2C1
726,EOS56982,-6.968,COc1ccc(CN2CCNC(=O)C2CC(=O)N(C)CCO)cc1C
727,EOS56634,-7.226,COCCN(Cc1cnn(C)c1)C(=O)C1COc2cc(OC)ccc2C1
728,EOS56637,-7.714,COc1cccc2c1OCC(C(=O)NCCS(=O)(=O)N(C)C)C2
729,EOS56222,-7.163,COc1cccc(CN2CCNC(=O)C2CC(=O)N(C)CCO)c1OC
730,EOS56987,-7.672,CNC(=O)CNC(=O)CC1C(=O)NCCN1Cc1ccccc1C
731,EOS56988,-12.398,CC(C)c1nnc2n1CCN(C(=O)Cc1c(O)n(C)c(=O)n1C)CC2
732,EOS56640,-7.18,COc1ccc(C2(C(=O)NCCN3CCNC3=O)CC2(C)C)cc1
733,EOS56642,-7.168,O=S(=O)(NCC1(O)CCCNC1)c1ccccc1
734,EOS56644,-6.007,CCN(CCN(C)C)C(=O)NCCSc1nccn1C
735,EOS56225,-6.512,COCCN1CCC(CNS(=O)(=O)c2ccc(C(C)(C)C)cc2)C1
736,EOS56652,-8.662,CCn1c(CNC(=O)Cn2nc(C)c(C)cc2=O)nc2ccccc21
737,EOS56655,-7.416,Cn1c(O)c(CC(=O)NCc2nc(C(C)(C)C)cs2)n(C)c1=O
738,EOS56659,-7.27,CCNC(=O)CC1C(=O)NCCN1Cc1ccc(OC)cc1OC
739,EOS56661,-13.07,CCc1ccccc1OC1CN(C(=O)C2CCC(=O)NC(=O)N2)C1
740,EOS57018,-7.566,O=C(NCCSc1c[nH]nn1)N1CCCC(COc2cccc(F)c2)C1
741,EOS57020,-7.353,CCOc1ncccc1C(=O)N1CCN(CCO)[C@@H]2CS(=O)(=O)C[C@@H]21
742,EOS56231,-12.028,CC(NC(=O)CNC(N)=O)c1ccc2c(c1)OCCCO2
743,EOS57022,-8.36,COCCN1CC(CNC(=O)c2ccccc2-c2cccc(C)c2)CC1=O
744,EOS57024,-7.446,Cc1cccc(CSCCCNC(=O)[C@@]23CNC[C@@H]2CN(C)C3)c1
745,EOS57032,-11.262,COCC(=O)NCc1cc2n(n1)CCCN(Cc1ccc(OC)c(C)c1C)C2
746,EOS56234,-7.975,Cc1cc(F)ccc1S(=O)(=O)NCC(=O)NC1COC2(CCCCC2)C1
747,EOS56681,-7.063,CCCn1ccnc1CN1CCN(C)C(c2ccccc2)C1
748,EOS57038,-7.119,Cc1nc(N(C)C)ncc1C(=O)NCCN1CCCC(CO)C1
749,EOS56690,-7.268,CNC(C=O)C(O)N1CCC2(CC1)CC(=O)N(Cc1ccc(Cl)cc1)C2
750,EOS56692,-7.949,COc1ccccc1Oc1ccc(NC(=O)N[C@@H]2CNCC[C@H]2O)cn1
751,EOS57044,-6.785,CCCC1CCCN1C(=O)c1cccc(CCC(C)(C)O)c1
752,EOS56238,-7.54,CN(C)CC(=O)N1CCC(c2nnc(CN3CCC(O)CC3)n2C)CC1
753,EOS57050,-7.127,COCC(=O)NC(c1cnc2ccccc2c1)C1CC(O)C1
754,EOS56697,-7.655,COCC(=O)N1CCC(c2nnc(CN3CCCC3)n2C)CC1
755,EOS56701,-7.733,CN1CCN(c2ccc(C(=O)N3CCC(Oc4cccnc4)CC3)cn2)CC1
756,EOS57054,-7.645,CC(=O)N1CCC(c2nnc(CN3CCN(C)CC3)n2C)CC1
757,EOS56705,-8.826,CN(C)[C@@H]1[C@@H](NC(=O)C2(c3ccccc3)CCCCC2)[C@H]2CCO[C@H]21
758,EOS56709,-7.548,Cc1nc(CN2CC[C@@H](NC(=O)c3ccc(C)c(C)c3)[C@H](O)C2)cs1
759,EOS56714,-15.062,O=C1N[C@H]2CCCC1CN(C(=O)NCCSCc1cccc(Cl)c1)C2
760,EOS57065,-6.877,COc1cc(C)ccc1C(=O)NCCN1CCCCC1CO
761,EOS57068,-8.097,Cn1ccn2ncc(C(=O)NCC(c3ccc(F)cc3)N3CCCC3)c12
762,EOS56244,-8.431,CN1C(=O)CC(CNC(O)c2ccc(=O)[nH]n2)c2ccccc21
763,EOS56717,-11.749,OC1(CN2CCN(C(c3ccccc3)c3ccccc3)CC2)CNCCOC1
764,EOS57073,-7.292,CCCn1cnnc1CNC(=O)C1COc2cc(OC)ccc2C1
765,EOS56245,-7.989,CN1CCN(CCC2CCCCN2C(=O)NC2(c3ccccc3)CC2)CC1
766,EOS56722,-8.054,CCN(CC)CC(=O)N1CCCC2(CCC(=O)N(Cc3ccccn3)C2)C1
767,EOS56723,-7.17,COc1ccc(CN(C)CC2CC(=O)N(C(C)(C)C)C2)c(F)c1
768,EOS56728,-9.884,CCCOCC1CCN(C(=O)CCN2CCCCCC2=O)C1
769,EOS57083,-8.017,Cn1cccc1-c1cc(C(=O)NCC(c2cccnc2)N2CCCCC2)[nH]n1
770,EOS56735,-6.993,CCn1c(C)cc(C(=O)NC(c2nccn2C)C(C)C)c1C
771,EOS56249,-7.867,Cc1cc2cc(NC(=O)C3CCN(C4CCS(=O)(=O)C4)CC3)ccc2o1
772,EOS56741,-7.615,COC[C@H]1[C@H]2OCC[C@H]2[C@H]1NC(=O)c1nc2ccc(Cl)cn2c1F
773,EOS56251,-8.348,CC(C)C(=NC(=O)CC1C(=O)CCC1c1ccccc1)c1nccn1C
774,EOS57098,-6.95,OCCN=c1cc(NCCN2CCCC(CO)C2)[nH]cn1
775,EOS56253,-7.535,CN(C)Cc1ccccc1CN(C)C(=O)NCCCc1ccccc1F
776,EOS57103,-7.373,O=C(NCCN1CCCC(CO)C1)c1ccc(C(F)(F)F)nc1
777,EOS56254,-6.804,O=C(COCC1CCCO1)NCCc1nccc(-c2ccccc2)n1
778,EOS56755,-6.989,CCCc1nnsc1C(=O)NCc1cnc(SC)n1C
779,EOS57107,-7.734,Cc1cc(C)n(-c2cccc(CN(C)C3CCS(=O)(=O)C3)c2)n1
780,EOS56255,-6.93,Cc1nc(CCCNC(=O)N2CCCC2C(N)=O)sc1C
781,EOS56761,-7.597,COc1ccc(CN(Cc2cccnc2)C(=O)NCC(C)(C)C)c(OC)c1
782,EOS56762,-7.54,CCCCNC(=O)CC1C(=O)NCCN1Cc1ccc(OC)c(C)c1C
783,EOS56763,-6.792,CO[C@H]1CN(C(C)C)C[C@@H]1NC(=O)c1ccc(CSC)o1
784,EOS57113,-8.458,Cn1c(O)c(CC(=O)N(CCC2=CCCCC2)Cc2ccccc2)n(C)c1=O
785,EOS56766,-7.664,CC(=O)c1cc(C(=O)N[C@@H]2CCN(Cc3csc(C)n3)C[C@H]2O)cs1
786,EOS56767,-7.331,CCc1cccc(OCCCN(C)C(=O)C2CC3(CCNCC3)CN2C)c1
787,EOS56770,-8.493,O=C(CC1Cc2ccccc2C1)N[C@H]1COC[C@@H]1N1CCCC1
788,EOS56776,-7.326,N[C@H]1CCCC(C(=O)NC2(Cc3ccc(Cl)cc3)CC2)C1
789,EOS56261,-8.008,O=C(CCn1cnc2ccccc21)NCC(c1cccnc1)N1CCCCC1
790,EOS56782,-7.907,CCn1c(CN(C)C)nnc1C1CCN(Cc2cccc(C#N)c2)CC1
791,EOS56784,-10.928,O=C1C=CC(c2ccccc2)C1CC(=O)N1CCOCC(CO)C1
792,EOS56263,-7.424,COc1c(Cl)cc(C(=O)N[C@H]2CN(C(C)C)C[C@@H]2OC)cc1Cl
793,EOS57138,-7.153,CCCOc1ccc(NC(=O)C2CCN(C3CCS(=O)(=O)C3)CC2)cc1Cl
794,EOS56789,-8.221,CC(C)N1CCN(CCCN2CC3(CCN(C(=O)C4CCCN4)CC3)OC2=O)CC1
795,EOS57142,-6.886,COc1cc(CN(C)CCC2CCCCO2)cc(Cl)c1OCC(N)=O
796,EOS56794,-8.353,CCc1c(C)nn(CC(=O)N2CCCC3(CCC(=O)N(CC)C3)C2)c1C
797,EOS57144,-8.462,CN1CCN(C(=O)c2cccc(-c3ccc(-c4nccn4C)nn3)c2)CC1
798,EOS56795,-8.494,O=C(NCc1cc(=O)[nH]cn1)C1(c2ccccc2)CC12CCCC2
799,EOS57153,-8.04,Cc1cc(C)n(-c2cccc(CN(C)C(=O)NC3CCC(=O)N(C)C3)c2)n1
800,EOS56809,-11.133,Cc1ncn(C)c1C(=O)NCC(c1ccccc1)N1CCCCCC1
801,EOS57160,-7.462,Cn1nc2n(c1=O)CC(C(=O)NCCCOC1CCCCC1)CC2
802,EOS56812,-7.338,COCC(=O)N1CC[C@@H](c2ccc3c(c2)OCO3)[C@H](O)C1
803,EOS56814,-7.81,Cc1ccc(CN2CCn3nc(C(O)CC(=O)N(C)C)cc3C2)cc1F
804,EOS56817,-7.229,CCCN(Cc1ccc(CC)cc1)C(=O)C1=C(C)OCCO1
805,EOS57170,-10.587,CSCC(=O)NCC1CN(Cc2ccccc2)CCCO1
806,EOS57173,-7.3,CO[C@H]1CN(C(C)C)C[C@@H]1NC(=O)c1ccc(F)c(O)c1
807,EOS57176,-7.613,COc1ccc(Cl)cc1S(=O)(=O)NCCN1CCCCC1CO
808,EOS56828,-6.418,COCCN1CCC(C(=O)NCC2(Cn3cccn3)CC2)C1
809,EOS57201,-8.524,CC1(C)SCC(C(=O)NCC2(c3ccccc3)CCOCC2)NC1=O
810,EOS57193,-6.782,CSc1cccc(CN(C(=O)NCC2CCS(=O)(=O)C2)C(C)C)c1
811,EOS57564,-8.068,Cc1ccc(OCCN2CCn3nc(C(O)c4nccn4C)cc3C2)cc1C
812,EOS57210,-6.817,CN=c1ncc(C(=O)NC2CCN(CCN(C)C)CC2)c[nH]1
813,EOS57566,-7.18,Cc1ccc(C(CNC(=O)Cc2ccsc2)N2CCOCC2)o1
814,EOS56281,-8.004,Cc1cc(C)c(CN2CCN(C)CC2)cc1CNCC1CCCN(C(=O)C2CC2)C1
815,EOS57574,-7.105,Cc1ccc(C)c(C(C)NC(=O)CN(C)CC2(C)COC2)c1
816,EOS57217,-7.227,COc1ccc(C(NC(=O)C2CC=CC2)C2CC(O)C2)cn1
817,EOS57577,-6.952,COCCN(Cc1nccs1)C(=O)Cc1c(O)n(C)c(=O)n1C
818,EOS57220,-11.694,O=C(CN1CCCn2nc(C(O)c3ccccc3)cc2C1)NCc1ccco1
819,EOS56284,-7.596,CN(C(=O)NCCC1CCCCN1Cc1ccccc1)C1CCOCC1
820,EOS57230,-7.365,CCN(Cc1nccn1C)C(=O)C(c1ccccc1C)N(C)C
821,EOS57589,-6.883,O=C(NCCOc1ccc(Cl)cc1)N1CCCCC1CO
822,EOS57590,-7.22,COc1ccc(C(C)C)cc1S(=O)(=O)NCCN1CCCCC1CO
823,EOS57234,-7.363,Cc1c(Cl)ccc(S(=O)(=O)NCCN2CCCCC2CO)c1Cl
824,EOS57591,-7.754,Cn1c(O)c(CC(=O)NCCc2nc3ccccc3s2)n(C)c1=O
825,EOS57245,-10.508,Cc1[nH]cnc1CN1CCCOC(CN2CCCC2)C1
826,EOS57611,-7.388,CC(CC(N)=O)N(C)C(=O)c1cccc2c1CCC2=O
827,EOS57257,-7.488,O=C(CC1CN(Cc2ccccc2)CCO1)NCCN1CCCOC1=O
828,EOS57260,-8.647,CC(C)(N)C(=O)N1CCCC(N2CCN(Cc3ccc4c(c3)OCO4)CC2)C1
829,EOS56295,-11.456,CCN(CCCc1ccccc1)C(=O)c1cc2n(n1)CC(O)CNC2=O
830,EOS57622,-7.076,NCc1cccc(NC(=O)NCCC2CCCOC2)c1
831,EOS57269,-7.278,O=C(NCCC1CCCOC1)Nc1cc(F)cc(F)c1
832,EOS57272,-8.057,COc1cccc(C2CCN(C(=O)c3ccc(C(=O)N4CCOCC4)cc3)C2)c1OC
833,EOS57273,-8.408,Cc1ccc(C2(C(=O)NCC3CCS(=O)(=O)CC3)CC2(C)C)cc1
834,EOS57280,-7.703,COc1cccc2c1OCC(NC(=O)C1CCOCC1)C2
835,EOS57639,-6.78,OCC1CCCCN1CCNCc1c(Cl)cncc1Cl
836,EOS56301,-7.367,COCCN1CCCC(CNC(=O)N2CCN(c3ccccn3)CC2)C1
837,EOS57643,-7.701,Cc1cnccc1N1CCN(C(=O)CC2C=CCC2)CC1
838,EOS56303,-8.21,COc1ccc2[nH]c(CNC(=O)C3CCN(C4CCS(=O)(=O)C4)CC3)cc2c1
839,EOS57647,-7.724,O=C(CC1CCCC1)NCC1CCCN(C(=O)C2CC=CC2)C1
840,EOS57295,-8.166,CN1CCN(C2(CNC(=O)C3CC34CCNCC4)CCCC2)CC1
841,EOS57654,-7.219,Cc1[nH]ccc1C(=O)NCC(c1cccnc1)N1CCOCC1
842,EOS57298,-7.285,COc1cc(C)c(C)cc1S(=O)(=O)NCC1CCCOC1
843,EOS57661,-8.566,COc1cc(C(=O)N2CCCC3(CCC(=O)N(CC4CC4)C3)C2)ccn1
844,EOS57662,-7.556,COc1cc(CNC(=O)c2ccc(C(C)C)n(C)c2=O)cc(OC)c1OC
845,EOS57664,-7.243,O=C1CC[C@@H](CN(Cc2ccncc2)C(=O)NCc2cccs2)N1
846,EOS56308,-7.743,COc1cc(CN2CC[C@]3(OC)CC[C@@H](OC)C[C@H]23)ccc1OCC(N)=O
847,EOS57314,-7.497,CCN(CC)CCCNC(=O)N1Cc2cnc(-c3ccccc3)nc2C1
848,EOS57672,-6.821,Cc1ccc(CS(=O)(=O)NCC2CC(=O)N(C)C2)cc1
849,EOS57678,-6.687,COCC(NC(=O)CCCN1CCCC1=O)c1ccnn1C
850,EOS57328,-8.171,O=C(CN1CCOC1=O)N1CCn2nc(C(O)Cc3ccccc3)cc2C1
851,EOS57329,-8.159,Cc1nc(CN2CC[C@@H](NC(=O)c3cc4c([nH]c3=O)CCC4)[C@H](O)C2)cs1
852,EOS57687,-6.9,Cc1cc(C(=O)NCCCCC2CCCO2)cc(C)n1
853,EOS57336,-11.341,O=C(c1ccc(Oc2ccccc2)o1)N1CCCn2nc(C(O)CO)cc2C1
854,EOS57693,-7.022,CCc1nc(C)sc1CNC(=O)CCN(C)C1CCS(=O)(=O)C1
855,EOS57344,-8.884,Cc1cccc2[nH]c(CN(C)C(=O)NCC3CCCN(C(=O)C4CC4)C3)nc12
856,EOS57347,-8.648,CCCC(C)N1CC2(CCN(C(=O)c3cccc(C)c3)CC2)OC1=O
857,EOS56320,-7.081,CNC(=O)Cc1ccc(NC(=O)N(C)CC2CCCN(CCOC)C2)cc1
858,EOS57350,-7.353,Cc1nc(CN2CCN(C(=O)C(c3cccc(F)c3)N(C)C)CC2)cs1
859,EOS57706,-8.068,CCC(N)C(=O)N1CCC2(CCC(=O)N(CCc3cccnc3)C2)CC1
860,EOS57707,-7.838,CO[C@@H]1COCC[C@H]1NC(=O)CCc1ccc2c(c1)OCO2
861,EOS57710,-8.458,Cc1cc(=O)cc(C(=O)NC2CCN(Cc3cccc(O)c3)CC2)o1
862,EOS57719,-8.631,CCOc1ccccc1N1CCN(C(=O)CCc2[nH]c(=O)[nH]c2O)CC1
863,EOS56325,-7.985,CN(C(=O)CC1CCN(Cc2ccccc2)CC1)[C@H]1COC[C@@H]1O
864,EOS57722,-7.808,CNCC(=O)N1CCC2(CC1)CC(c1ccccc1)C(=O)N(C)C2
865,EOS57371,-7.264,CN(Cc1nc2cc(Cl)ccc2[nH]1)C(=O)CC1CCCOC1
866,EOS57726,-10.633,CS(=O)(=O)NCCC(=O)NCC(c1ccccc1)N1CCCCCC1
867,EOS57377,-6.897,CCCSCC(=O)N1CCCC2(CCC(=O)N(Cc3cnc(C)cn3)C2)C1
868,EOS56329,-6.531,CCc1csc(CNC(=O)C2(C)CCCO2)n1
869,EOS57384,-7.476,CCn1ccnc1CN(C)C(=O)C1CCc2ccccc2C1
870,EOS57741,-6.457,CCN(CC)C(CNC(=O)c1nccn1C)c1ccco1
871,EOS56332,-6.056,COCCN(CC(=O)N(C)c1ccccc1)Cc1ccsc1
872,EOS57748,-7.476,CSc1ccc(CN2CCn3nc(C(O)CS(C)(=O)=O)cc3C2)cc1
873,EOS57751,-8.041,CC(=O)c1cc(CC(=O)N[C@H]2[C@H]3CCO[C@H]3[C@@H]2N2CCCCC2)cs1
874,EOS57396,-8.246,Cc1cc(C(=O)N[C@@H]2CCN(Cc3csc(C)n3)C[C@H]2O)c(C)o1
875,EOS57398,-6.983,COc1ccc(NC(=O)NCCC2CCCOC2)cc1
876,EOS56335,-7.672,O=C(C1CCCNC1)N1CCC(Cc2cccnc2)CC1
877,EOS57760,-7.618,CCC(CC)C(=O)NC(c1cnc2ccccc2c1)C1CC(O)C1
878,EOS57411,-7.726,CCOc1ccccc1CN1CCn2nc(C(O)CS(C)(=O)=O)cc2C1
879,EOS57765,-7.584,O=C(CN1CCOCC1)NCC1CCCN(C(=O)c2cnc(C3CC3)nc2)C1
880,EOS57769,-8.434,CCCC(C)N1CC2(CCN(C(=O)c3cccnc3)CC2)OC1=O
881,EOS57416,-7.416,Cc1cc(S(=O)(=O)NCC(C)N2CCCC2)c(Cl)cc1F
882,EOS57773,-7.992,O=C(CC1NC(=O)c2ccccc21)NC1CCN(Cc2cccs2)CC1
883,EOS57419,-8.417,Cc1cc(C)c(OCCNC(=O)N2C[C@H](O)[C@@H](N3CCCCC3)C2)c(C)c1
884,EOS57420,-7.786,CC1(C)CC(C(=O)NCCc2cn3ccccc3n2)CCO1
885,EOS57422,-8.615,CNC1CCN(C(=O)CC2(Cc3ccccc3)C(=O)N(C)c3ccccc32)CC1
886,EOS57776,-7.887,Cc1ccccc1C(=O)N[C@@H]1CCN(Cc2cscn2)C[C@H]1O
887,EOS57423,-7.202,Cc1cc(Cl)ccc1C(=O)NCCN1CCCCC1CO
888,EOS57780,-7.923,Cc1nc(CC(=O)N2CCn3nc(C(O)C4CC4)cc3C2)c(C)s1
889,EOS57782,-8.269,Cn1ccnc1CN1CCN(C(=O)c2cc3c(n(C)c2=O)CCCC3)CC1
890,EOS57430,-7.2,O=C(NCc1cccs1)N1CCCC(OCc2ccccn2)C1
891,EOS57789,-7.2,COc1ccc(CCC(=O)N[C@H]2CN(C)C[C@@H]2OC)cc1OC
892,EOS57436,-7.858,Cc1nc(=NCc2cc3n(n2)CCN(C(=O)C(C)C)C3)cc[nH]1
893,EOS57795,-8.236,Cc1n[nH]c(C)c1CCN(C)c1cc(C2CCOC2)nc(N2CC(O)C2)n1
894,EOS57442,-10.695,CN(CCCS(=O)(=O)N(C)C)Cc1[nH]nc2c1CCCCC2
895,EOS57797,-7.925,CO[C@@]12CC[C@H](O)C[C@@H]1N(C(=O)c1cc(C)nc(C)c1)CC2
896,EOS57443,-8.923,Cn1ccnc1C(O)C1CCN(C(=O)c2cc3c([nH]c2=O)CCCC3)CC1
897,EOS56350,-7.769,Cc1ccc(C(C(=O)N(Cc2ccc3c(c2)OCO3)C2CC2)N(C)C)cc1
898,EOS57448,-7.716,O=C(C1C[C@@H]2C=C[C@H]1C2)N(CCc1ccccc1)Cc1cccnc1
899,EOS57450,-7.089,CC(C)(C)c1ccc(C(=O)N[C@@H]2CCN(Cc3cscn3)C[C@H]2O)cc1
900,EOS57808,-8.018,CCN1CC2(CCCN(CCOc3c(OC)cccc3OC)C2)CCC1=O
901,EOS57809,-7.726,CN(C)C(CNC(=O)N1CCN(C2CCCC2)C(=O)C1)c1cccs1
902,EOS56353,-8.072,O=C(CO)N1CCCC2(CCC(=O)N(Cc3ccccn3)C2)C1
903,EOS57811,-8.231,O=C(c1cc(=O)n(-c2ccccc2)[nH]1)N1CCC(C(O)c2cccs2)CC1
904,EOS57458,-7.929,NCCC(=O)N1CCCC(N2CCN(Cc3ccc4c(c3)OCO4)CC2)C1
905,EOS56354,-7.19,CC(C)c1ccc(CN2CCn3nc(C(O)CS(C)(=O)=O)cc3C2)cc1
906,EOS57460,-8.102,Cn1cnnc1CCC(=O)NC1CCCN(c2ncccn2)C1
907,EOS57816,-7.601,Cn1nccc1CCC(=O)NCC1CCN(CCC2CCS(=O)(=O)C2)CC1
908,EOS57464,-8.386,Cn1c(=O)n(C)c2cc(CNC(=O)CC3C=CS(=O)(=O)C3)ccc21
909,EOS57466,-8.513,O=C(NCCc1ccccc1)N1C[C@H]2COCC[C@@]2(O)[C@@H]2COCC[C@@H]21
910,EOS56357,-8.747,CC(C)(C)c1cc(C(=O)N2CCCC(C(=O)N3CCCC3)C2)[nH]c(=O)n1
911,EOS57473,-6.896,COc1ccc(CN2CC[C@]3(OC)CC[C@H](OC)C[C@H]23)c(C)c1
912,EOS57835,-8.035,CC1(C(=O)N2CCC(Cc3cccnc3)CC2)CCCNC1
913,EOS57481,-7.072,Cc1cccc(C2(NC(O)c3cc(O)n(C(C)(C)C)c3)CC2)c1
914,EOS57485,-6.748,COc1ccc(C2(C(=O)N(C)CC3CCOC3)CCCC2)cc1OC
915,EOS57842,-7.372,COc1cc(Cl)cc(C(=O)NCCN2CCCC(CO)C2)c1
916,EOS57845,-7.828,CCCOc1cccc(CCNC(=O)C2CCCN(C(N)=O)C2)c1
917,EOS57848,-6.698,CS(=O)(=O)c1ccc(C2(C(=O)NCCC3CCOC3)CCC2)cc1
918,EOS57849,-8.393,Cc1nc(CN2CC[C@@H](NC(=O)c3cccc4ccnn34)[C@H](O)C2)cs1
919,EOS56365,-6.863,CCCCc1nn(CC(=O)N(C)Cc2cnn(C)c2C)c(=O)n1CC
920,EOS57853,-8.249,Cc1cc(=O)c2ccccc2n1CC(=O)N1CCNC(=O)C1C
921,EOS56367,-10.965,Cc1cccc(CCNC(=O)N2CCCOC(CN3CCCC3)C2)n1
922,EOS57513,-7.567,CC(C)Cn1cc(C(O)Nc2ccccc2NC(=O)CN(C)C)cc1O
923,EOS57515,-7.364,CN(Cc1cnn(C)c1)C(=O)C1CC(=O)OC12CCCC2
924,EOS57517,-7.252,CCOc1ccc(CN2CCn3nc(C(O)CS(C)(=O)=O)cc3C2)cc1
925,EOS57875,-7.687,Cn1nccc1CCC(=O)NC1CC(=O)N(c2ccc(Cl)cc2)C1
926,EOS57523,-7.312,COCCN(Cc1nccs1)C(=O)C1COc2ccccc2C1
927,EOS56373,-7.699,COc1cccc(C2CCCN2C(=O)C2=C(C)OCCO2)c1
928,EOS57526,-7.144,COc1cccn(CC(=O)N(C)CCCOc2c(C)cccc2C)c1=O
929,EOS56374,-7.573,Cc1nc(CN2CC[C@@H](NC(=O)c3ccc(Cl)cc3)[C@H](O)C2)cs1
930,EOS57885,-7.969,CCc1ccccc1OC1CN(C(=O)c2ccc(C)c(O)c2)C1
931,EOS57892,-7.491,CCc1nc(C)c(C(=O)NCC(c2ccc(C)cc2)N(C)C)o1
932,EOS57895,-6.855,CCN(Cc1cccc(OC)c1OC)C(=O)c1ccnn1C
933,EOS57544,-8.149,CCn1ncc(CNC(=O)C2CCc3ccccc3C2)c1C
934,EOS57900,-13.618,CC1(C)CC(NC(=O)c2cc3n(n2)CC(O)CNC3=O)CC(C)(C)N1
935,EOS57904,-7.898,CS(=O)(=O)CC(O)c1cc2n(n1)CCN(Cc1ccccc1)C2
936,EOS57554,-7.075,CO[C@@]12CC[C@H](OCCO)C[C@@H]1N(Cc1cccc(F)c1)CC2
937,EOS57907,-11.716,Cc1ccc(C(CNC(=O)N2CCCNC(=O)C2)N2CCC(C)CC2)cc1
938,EOS57911,-6.775,CCc1nccn1CCC(=O)NCC(C)c1nc(C)cs1
939,EOS57560,-8.738,O=C(c1cccc2c1OCCO2)N1CCn2nc(C(O)C3CC3)cc2C1
940,EOS57915,-6.692,CCCCn1ccnc1C1CCN(C(=O)CNC)CC1
941,EOS56383,-9.058,COc1ccc(-c2nc3c([nH]2)CCN(C(=O)C2C[C@@H]4C=C[C@H]2C4)C3)cn1
942,EOS57931,-7.138,CCNC(=O)C1CCN(CC(=O)Nc2ccc(F)cc2)C1
943,EOS57921,-7.139,CC(C)CN1CCCCC1CCNS(=O)(=O)c1ccnn1C(C)C
944,EOS57934,-6.896,CO[C@H]1CN(C(C)C)C[C@@H]1NC(=O)c1ccc(SC)cc1
945,EOS57938,-7.504,CSc1ncccc1C(=O)NC1CCN(CC2CCCO2)CC1
946,EOS56387,-7.049,CCN(Cc1nccn1C)C(=O)NCC1CCCN(C(=O)C2CC2)C1
947,EOS58298,-7.028,O=C(N[C@H]1COC[C@@H]1N1CCOCC1)c1cc(Cl)c[nH]1
948,EOS58303,-7.89,CCN1CCNC(=O)C1CC(=O)Nc1cccc(C(=O)N(C)C)c1C
949,EOS57950,-7.344,COc1ccc(S(=O)(=O)N[C@H]2CN(C(C)C)C[C@@H]2OC)cc1OC
950,EOS57953,-10.464,CCNC(=O)N1CCCC(O)(CNS(=O)(=O)c2cnn(CC)c2C)CC1
951,EOS58309,-6.558,COc1ccc(CN(C)C(=O)CC2CCOC2)cc1OC
952,EOS57960,-10.28,CCN(CCN1CCCCCC1)C(=O)Cn1nccc1C1CCCNC1
953,EOS58317,-6.63,COCCN1CCN(C(=O)NCC(c2ccc(C)cc2)N(C)C)CC1
954,EOS57962,-7.504,CCn1nc(CC(C)C)cc1C(=O)NCC1COc2ccccc2O1
955,EOS57964,-8.073,Cc1n[nH]c(C2CCN(C(=O)c3cc4c(cc3C)OCCO4)CC2)n1
956,EOS58318,-7.287,COc1cc(CN2CC[C@]3(OC)CC[C@H](OCCO)C[C@H]23)ccc1C
957,EOS58324,-11.855,O=C(NCC1CCCN(C(=O)c2nnc3n2CCCCC3)C1)c1ccsc1
958,EOS57976,-7.081,COc1cc(Cl)cc(CNCCN2CCCCC2CO)c1OC
959,EOS58331,-7.93,Cc1cc(C(=O)NC2CCN(Cc3csc(C)n3)CC2O)nc(C)n1
960,EOS58332,-6.604,Cc1ccsc1CN(CCN(C)C)C(=O)NCC1CCN(C(C)C)CC1
961,EOS56400,-7.416,COc1cc(-c2ccc3nc(C)nn3c2)cc(OC)c1OC
962,EOS57986,-7.843,Cn1c(O)c2c(c1O)CN(CC(=O)NCC1CCCCC1)C2
963,EOS57989,-8.437,Cc1cc(=O)cc(C(O)Nc2cc(O)n(Cc3ccccc3)c2)o1
964,EOS58344,-6.813,Cc1cc(S(=O)(=O)NCCN2CCCC(CO)C2)c(C)cc1Cl
965,EOS57994,-6.911,CCCC(NC(=O)c1cc(Cl)ccc1OC)c1nccn1C
966,EOS58348,-9.063,Cn1c(C(=O)N2CCCC(C(=O)c3ccccn3)C2)cc(=O)n(C)c1=O
967,EOS58358,-6.889,COCC(=O)NCc1cc2n(n1)CCN(Cc1ccc(SC)cc1)C2
968,EOS58360,-6.863,COCCC1CCCN(CC(=O)Nc2cccc(C)c2)C1
969,EOS56407,-7.578,COC1CCN(C(=O)C2CCN(C(=O)C3CCC3)CC2)C1
970,EOS58362,-8.371,Cn1c(CNC(=O)N2CCCC(C(N)=O)C2)nc2ccccc21
971,EOS58372,-7.787,CC1(C)SCC(C(=O)N2CCOC3(CCCC3)C2)NC1=O
972,EOS58019,-7.003,COc1cccc(CC(=O)N[C@@H]2CCOC[C@H]2OCCO)c1
973,EOS58377,-6.974,Cc1cc(C(=O)NC(c2nccn2C)C2CC2)c(C)n1C
974,EOS58023,-7.81,CN(CC1CCN(Cc2ccccc2)C1)C(=O)c1c[nH]nn1
975,EOS58380,-11.199,COc1cc(=O)n2c(c1C(=O)NC(C)c1nncn1C(C)C)CCNCC2
976,EOS58025,-8.644,Cc1nnnn1Cc1ccc(C(=O)N2CCCC3(CCOC3)C2)cc1
977,EOS58383,-8.735,Cc1cc(=O)cc(C(=O)NC2CCCN(C3CCCCC3)C2)o1
978,EOS58384,-6.095,CN(CC1CCOC1)C(=O)CCN1CCCC1=O
979,EOS58386,-12.25,Cc1cccc(Cl)c1OCCNC(=O)c1cc2n(n1)CC(O)CNC2=O
