Score,smiles
-12.415,CC(C(=O)N1CCc2[nH]cnc(=O)c2CC1)c1ccccc1
-11.818,Cc1cc(C(=O)NCCN2CCCCCC2)c2c(=O)n(C)c(=O)n(C)c2n1
-12.871,CCc1ccc(-c2cc3n(n2)CCCN(C(=O)Cn2cnc4c2c(=O)n(C)c(=O)n4C)C3)cc1
-12.973,COCCn1c(C)cc(C(=O)N2CCCC(c3cc4n(n3)CCCNC4=O)C2)c1C
-11.236,COCCOCC(=O)N1CCOc2ccc(C(=O)NCc3ccccc3)cc2C1
-12.109,Cc1nc(=O)c2c([nH]1)CCC(C(=O)NCc1ccsc1)CC2
-11.088,COCCCNC(=O)N1CC[C@@H]2[C@@H](COCCN2Cc2ccccc2)C1
-11.953,CCCNC(=O)N1CCOC[C@H]2CN(C(=O)COCc3ccccc3)CC[C@H]21
-12.462,CCCNC(=O)N1CCOC[C@H]2CN(C(=O)C3(c4ccccc4)CC3)CC[C@H]21
-12.424,CCn1nccc1C(=O)N1C[C@H]2CCCC(=O)N[C@H]2C1
-11.888,CN(CC(=O)N1CCCCCC1)C(=O)c1cc2n(n1)C[C@@H](Oc1cccnc1)C2
-11.012,Cc1cccc(OC(C)C(=O)N2CCCCCC2)c1
-12.305,CC(c1ccc(C(=O)N2CCCNC(=O)C2)o1)N1CCCCC1
-11.265,COCCn1cc(C(O)N2CCCN(C)C3(CCN(C)CC3)C2)cc1O
-11.786,CCNC(=O)CN1CCc2nnc(Cc3ccccc3)n2CC1
-13.203,Cc1n[nH]c(C2CCN(C(=O)C3CCCCn4nnnc43)CC2)n1
-11.393,CCC(C)(CCNC(=O)N1CCCNC(=O)C1)c1ccccc1OC
-12.561,Cc1nc2cc(CNC(=O)N3CCCC4(CC3)CNC(=O)O4)ccc2n1C
-12.415,CC(=O)NCCC(=O)N1CCOc2c(O)cc(-c3cccc(Cl)c3)cc2C1
-11.934,CC(C)Oc1ccc(CCNC(=O)c2cc3n(n2)CC(O)CNC3=O)cc1
-12.408,Cc1cnc(C)c(-c2cc(O)c3c(c2)CN(C(C)C(N)=O)CCO3)n1
-11.67,CC(C)Cc1cc(C(=O)N2CCCN(C(=O)CCc3[nH]c(=O)[nH]c3O)CC2)[nH]n1
-11.945,Cn1nc2c(c1C(=O)N1CCCN([C@H]3COC[C@@H]3O)CC1)CCCC2
-11.907,COCCN(Cc1c(C)nn(C)c1C)C(=O)C1CCC(=O)NC(=O)N1
-12.447,O=C1CCC(N2CCOC3(CCN(Cc4nccs4)CC3)C2)CCN1
-11.485,Cn1c(=O)c(CN2CCCC(O)(CO)CC2)cc2ccccc21
-11.601,O=C1CCC(C(=O)NCCCSCc2ccco2)NC(=O)N1
-12.541,CN(C)C(=O)N1CCCn2nc(CNC(=O)NCc3ccc(F)cc3)cc2C1
-12.438,O=C1CCC(C(=O)NCCSCc2cccc(Cl)c2)NC(=O)N1
-11.555,Cc1ccc(C(NC(=O)CCN2CCCCCC2=O)c2ccncc2)cc1
-11.431,O=C(CO)NCc1cc2n(n1)CCCN(C(=O)C1CCC1)C2
-12.516,Cc1cnc2c(C(=O)N3CCCN(CC4=CC[C@H]5C[C@@H]4C5(C)C)CC3)cnn2c1
-11.713,CCc1cc(CN2CCOc3ccc(Cl)cc3C2)[nH]n1
-12.897,CCCCc1nc(=NCCNC(=O)C2CCC(=O)NC(=O)N2)cc(C)[nH]1
-12.66,CCN1CCC(N2CCOC3(COCCN(C(=O)c4ccccc4C)C3)C2)CC1
-11.262,COCC(C)n1c(CCCC(=O)N2CCNC(=O)CC2)nc2cccnc21
-11.014,CN(C)CC1COCCN(C(=O)c2ccc(F)cc2O)C1
-11.813,COCCCN(Cc1ccc(F)cc1)C(=O)C1CCC(=O)NC(=O)N1
-12.872,O=C(C1CCCCn2nnnc21)N1CCCC1c1ccccc1
-11.88,CC(C)CCOc1cccc(CCNC(=O)C2CCC(=O)NC(=O)N2)c1
-11.834,CN(CC(=O)N1CCOc2ccc(CO)cc2C1)C1CCS(=O)(=O)C1
-11.734,CC1=NOC(C(=O)N2CCCn3nc(C(=O)NCCN(C)C)cc3C2)C1
-12.222,Cc1cc(CN2CCNC(=O)CC2)c(C)c(CN2CCCCC2C)c1
-11.74,Cc1cc(CN2CCCNC(=O)C2Cc2ccccc2)n(C)n1
-11.413,CC(C)C(=O)Nc1ccc(C(=O)N2CCC(N3CCCOCC3)CC2)cc1
-11.494,Cn1c(Cl)cnc1CN1CCCN(C(=O)C2CC=CCC2)CC1
-11.401,CC(C)(C)[C@@H]1CCN(C(=O)C2CCS(=O)(=O)CC2)CCO1
-11.235,CCn1ccnc1CN1CCCN(C(=O)C2(C#N)CCCCC2)CC1
-12.877,NC(=O)C1Cc2ccccc2N1Cc1nnc2n1CCOCC2
-12.058,O=C(Cn1nc2n(c1=O)CCCCC2)N1CCCC(c2n[nH]c(C3CC3)n2)C1
-11.939,CC(C)(C)[C@H]1CCCN(C(=O)NC2CCC3(CC2)OCCO3)CC1
-11.145,CCC(CC)NC(=O)CN1CCC[C@H]1c1ccc2c(c1)OCCCO2
-12.7,O=c1cc(C(O)NCc2nnc3n2CCCCC3)c2ccccc2[nH]1
-11.719,Cc1ccc(C)c(OCC(=O)NC2CCCCNC2=O)c1
-11.526,O=C(Cc1ccc(Br)cc1)NC1CCCCNC1=O
-11.7,O=C(Cc1ccccc1F)NC1CCCCNC1=O
-11.662,COc1ccccc1N(C)CC(=O)NC1CCCCNC1=O
-12.56,CN1CCCN(C2CCCN(c3ccccc3Cl)C2=O)CC1=O
-11.172,O=C(NCCN1CCCOCC1)Nc1ccc(C2CC2)c(F)c1
-12.269,Cc1ccc(C#N)cc1NC(=O)NC1CCCCNC1=O
-12.879,Cn1cnc([C@@H]2CNCC2C(=O)N2CCOc3ccc(O)cc3C2)c1
-13.293,Cc1cccc([C@@H](O)CNC(=O)c2ccc3c(c2)C(=O)NCCO3)c1
-12.027,CC(C(=O)N1CCN(c2ccc(=O)[nH]n2)CC1)N1CCCCCC1
-12.044,O=C(c1cc(Cl)c2c(c1)OCCCO2)N1CCN(CCO)CC1
-11.936,COc1ccc2c(c1)OC(C)(C)CN(C(=O)NC[C@@H]1CNC(=O)C1)C2
-11.484,CC(=O)N[C@@H]1CN(C(=O)NCC2(C)CCCCCC2)C[C@H]1c1ccnn1C
-13.333,O=C(N[C@H]1CCc2[nH]cnc2C1)c1ccc2c(c1)C(=O)NCCO2
-11.11,COc1cc(C(=O)N2CCOC[C@@H](C3CCC3)C2)cc(C)n1
-11.928,C[C@]1(C(=O)N2CCCc3occc3C2)CCC(=O)NC1
-12.338,CC1C(=O)NCCCN1C(=O)c1ccc(CN2CCOCC2)cn1
-12.109,Cc1nnc(CN2CCCN(C(=O)c3ccccc3Cl)CC2)n1C
-11.464,O=C(COc1ccccc1Cl)NC1CCCCNC1=O
-12.302,O=C1CC[C@H](N2CCN(C(=O)COc3ccsc3Cl)CC2)CCN1
-12.986,CN1CCC[C@H](NC(=O)N2CC(=O)Nc3ccccc3C2)C1
-11.146,Cc1cc(CNC(=O)N2CCS(=O)(=O)C[C@@H](C)C2)n(C)n1
-11.88,Cn1c(CN2CCNC[C@](C)(F)C2)nc2ccccc2c1=O
-11.535,COc1ccc(CNC(=O)NC2CCCCNC2=O)cc1OC
-11.681,Cc1nccn1-c1ncccc1CNC(=O)N[C@H]1CCCCNC1
-12.983,CN1C(=O)CN(C(=O)C2CNC[C@H]2c2cn(C)cn2)Cc2ccccc21
-11.667,CCOc1ccc(C(=O)NC(C)c2nnc3n2CCCCC3)cc1
-11.243,COc1ccc(CCC(=O)NC2CCCCNC2=O)c(OC)c1OC
-12.142,CC(C)N1CCC(NC(=O)CN2CCOc3ccccc3C2)CC1
-11.911,Cc1nc(CN2CCN(C3CCCCNC3=O)CC2)cs1
-11.568,O=C1NCCCCC1Sc1ccc(Cl)nn1
-11.549,CSc1ccc(C)c(C(=O)NC2CCCCNC2=O)c1
-11.938,Cc1ccc(C)c(C(=O)NC2CCCCNC2=O)c1
-11.962,C[C@@H](NC(=O)NCCCc1nnc2n1CCCCC2)c1ccccc1
-11.153,C[C@H]1CN(Cc2ccccc2)CCCN1CC(=O)NC(N)=O
-11.019,CCn1ccnc1CN1CCCN(C(=O)Cn2nc(C)cc2C)CC1
-12.365,Cc1nccc(CNC(=O)NCc2nnc3n2CCCCC3)n1
-12.188,O=C1CCCCC(C(=O)N2CCC=C(c3ccncc3)C2)N1
-11.832,CC(CNC(=O)c1[nH]nc2c1CCCCC2)c1nncn1C
-11.479,O=C(COc1ccc(F)cc1)NC1CCCCNC1=O
-11.324,CCc1ccc(OCC(=O)NC2CCCCNC2=O)cc1
-11.646,N#Cc1ccccc1OCC(=O)NC1CCCCNC1=O
-11.128,COc1nn(C)cc1NC(=O)NCC1CCC=CCC1
-11.501,Cc1cnc(CCNC2=NCCCCN2)cn1
-11.682,O=C(NCc1nncn1-c1ccccc1)N1CCCCCC1
-11.652,CC(=O)c1cccc(NC(C)C(=O)N2CCCCCC2)c1
-11.138,C[C@](O)(CN1CCCN(c2cccnn2)CC1)C(F)(F)F
-11.422,CCC(=O)c1ccc(OCC(=O)NC2CCCCNC2=O)cc1
-11.551,O=C(Cc1ccc(Cl)cc1)NC1CCCCNC1=O
-11.569,O=C(COc1ccc(F)cc1F)NC1CCCCNC1=O
-11.538,O=C(NC1CCCCNC1=O)c1cncc(Br)c1
-11.468,CCOc1ccnc(N2CCCN(C3CCN(C)C3=O)CC2)n1
-12.93,CN(C)C1CCC2(CC1)CCN(C(=O)C1CCCCC(=O)N1)CC2
-12.292,C[C@H]1COc2ccccc2CN1C(=O)NCC1(C(F)(F)F)CCC1
-11.674,CSC1(C(=O)N2Cc3ccccc3OC[C@@H]2C)CCC1
-11.786,Cc1ccccc1C(=O)NC1CCCCNC1=O
-11.807,CC(C)(C)OCc1cccc(CNC(=O)NC2CCCCNC2=O)c1
-11.732,CCN1CCCN(CC(=O)N[C@@H](Cc2ccccc2)c2ccccc2)CC1=O
-11.833,NC(=O)c1csc(CN2CCNC(=O)C[C@H]2c2ccccc2)c1
-11.099,CCC[C@H]1CCCN(C(=O)Nc2ccccc2CC(=O)NC)CC1
-12.085,CC(=O)C1CC(C(=O)N2CCCN(C(=O)c3ccccc3)CC2)C1(C)C
-11.718,Cc1cccc(OCC(=O)NC2CCCCNC2=O)c1
-12.481,O=C(NCc1nnc2n1CCCCC2)c1ccc(=O)[nH]n1
-11.893,Cc1ccccc1CC(=O)NC1CCCCNC1=O
-11.697,O=C(Cc1ccc(F)cc1)NC1CCCCNC1=O
-11.747,COc1ncccc1CNC(=O)NC1CCCCNC1=O
-11.677,COc1ccc(OCC(=O)NC2CCCCNC2=O)cc1
-11.899,Cc1ccc(C(=O)NC2CCCCNC2=O)cc1F
-11.604,NC(=O)N[C@@H](CC(=O)N1CCCC2(CCCCC2)CC1)c1cccs1
-11.365,C[C@H]1CN(C(=O)C2=CCCCCC2)CC(=O)N1C
-11.278,CC(C)c1nsc(CN2CCNC(=O)C[C@@H]2C)n1
-12.048,COc1ccc2c(c1)CCCN(C(=O)c1cc3n(n1)CCO3)C2
-11.91,CCN1CCCCC1C(=O)NCCc1nnc2n1CCCCC2
-12.529,C[C@]1(c2ccccc2F)NC(=O)N(CC(=O)N2CCCCCC2)C1=O
-11.737,CC(C)(C)c1ccccc1OCC(=O)NC1CCCCNC1=O
-12.073,O=C(N[C@H]1[C@@H]2CNC[C@@H]21)N1CCOc2ccc(F)cc2C1
-11.847,C[C@H]1CCOCCN1Cc1nnc(C(=O)Nc2ccccc2)s1
-11.182,COc1c(NC(=O)C2=CCCCCC2)c(C)nn1C
-11.293,COCCN1CCCN(C(O)c2cc(=O)[nH]c3cc(F)ccc23)CC1
-12.246,CC(=O)c1ccccc1C(=O)N1CCOc2ccccc2C1
-11.191,Cn1cccc1CNC(=O)N1CCOC[C@@H](C2CCC2)C1
-11.751,CC1(C)COc2ccc(C(=O)N3CCC[C@H](O)CC3)cc21
-12.068,CN(C(=O)NCCc1nnc2n1CCCCC2)[C@@H]1COC[C@H]1O
-11.599,O=C(CN1CCNCCC12CCOCC2)NCc1ccccc1
-11.969,Cc1cc(CCNC(=O)C2CCCCC(=O)N2)cc(C)c1O
-11.518,O=C1CCCCC(C(=O)NCCc2nccn2Cc2ccccc2)N1
-11.698,CCCN1CCCN(C(=O)c2ccc(-c3n[nH]c(CC)n3)cc2)CC1=O
-12.238,Cn1c(C(C)(C)NC(=O)C2CCCCC(=O)N2)nc2ccccc21
-12.071,O=C1CCCCC(C(=O)N2CCn3cncc3C2)N1
-11.226,CCN(CCC(F)(F)F)C(=O)c1ccc2c(c1)OCCCO2
-11.911,CC(C)Oc1ccc(CNC(=O)NC2CCCCNC2=O)cn1
-11.272,COc1cc2c(cc1OC)CCN(Cc1cccn1C)CC2
-11.398,CCn1cnnc1CNC(=O)N1CCC(CN2CCCCCC2)CC1
-12.057,Cn1c(=O)n(C[C@@H]2CCNC(=O)CC2)c2ccccc21
-11.908,CC(C)(C)C(=O)N1CCOc2ncccc2C1
-12.889,O=C(Nc1ccc(N2CCOCC2)nc1)NC1CCCCNC1=O
-11.61,CC(C)c1cccc(OCC(=O)NC2CCCCNC2=O)c1
-11.663,COc1cc(C(=O)NC2CCCCNC2=O)cc(Cl)c1OC
-11.523,COCC(=O)Nc1cccc(CNC(=O)N2CCC(C)(C)CC(C)(C)C2)c1
-11.436,C[C@H]1CN(Cc2ccccc2)CCCN1CCC(=O)NC(N)=O
-12.288,CC1(C)Cc2cccc(OCCC(=O)NC3CCCCNC3=O)c2O1
-11.814,C[C@H]1COc2ccccc2CN1CCN1CCNC1=O
-12.614,Cc1cc(C(=O)N2CCCC2)ccc1NC(=O)N1CCNC(=O)C[C@@H]1C
-14.217,CC1(C)CCN(C(=O)NC2COCCOC2)CC(C)(C)C1
-12.84,Cc1c[nH]c(=O)c(CNC(=O)NCc2cccc3c2OCCCO3)c1
-11.03,O=C(C1CC=CCC1)N1CCCS(=O)(=O)CC1
-12.566,C[C@H]1CCN(Cc2cc(=O)n(C)c(=O)n2C)c2ccccc2S1
-12.46,Cc1nc(CCN2CCCC(c3nnc4n3CCCCC4)C2)cs1
-11.425,O=C(NCc1ccccc1)NC1CCCCNC1=O
-11.876,CCc1n[nH]c(-c2ccc(C(=O)N3CCCN(C)C(=O)C3)cc2)n1
-11.113,CN(CC(=O)N[C@@]1(C)CCS(=O)(=O)C1)C1CCCCCC1
-11.608,O=C(NC1CCCCNC1=O)c1cc(Cl)ccn1
-12.759,CC1(C)CCc2ccccc2[C@@H](NC(=O)NCC2=CCCOC2)C1
-11.68,COCCN(C(=O)c1ccc2c(c1)C(=O)NCCO2)[C@H]1CCOC1
-11.64,CC(=O)c1c(C)[nH]c(C(=O)C(C)N(C)Cc2nnc3n2CCOCC3)c1C
-11.647,Cn1cc(C(=O)N2CCO[C@H](c3ccccc3)CC2)c(=O)n(C)c1=O
-11.392,CN(CC(=O)N1CCOc2ccccc2[C@@H]1CO)C(=O)C1CC1
-11.375,CCN(CC)C(=O)N[C@H]1CCCOc2ccccc21
-12.199,Cc1cccc(Cl)c1NC(=O)NC1CCCCNC1=O
-12.344,COc1ccc2c(c1)CCN(C(=O)N[C@H]1CC13CCOCC3)CC2
-12.101,COc1cc(OC)cc(C(=O)NC(C)c2nnc3n2CCCCC3)c1
-12.665,CC(NC(=O)c1cc(F)cc(F)c1)c1nnc2n1CCCCC2
-11.908,CC1(C)CN(C(=O)NCCC2CS(=O)(=O)C2)CCc2ccccc21
-11.062,CS[C@H]1CCCCN(C(=O)NCC2CCS(=O)(=O)CC2)C1
-11.396,CCN(CC)C(=O)C(NC(=O)NCCc1nnc2n1CCCCC2)c1ccccc1
-11.785,CC[C@@H](CO)NC(=O)NCc1cc(Cl)c2c(c1)OCCCO2
-12.099,CN(C)c1ncccc1CNC(=O)NC1CCCCNC1=O
-11.031,CCC[C@H]1CCCN(C(=O)Nc2ccc(OCC(N)=O)cc2C)CC1
-11.664,Cc1cccc(C(=O)NC2CCCCNC2=O)c1
-11.938,Cc1cc(C)cc(C(=O)NC2CCCCNC2=O)c1
-12.558,Cc1cccc(C(=O)NC(C)c2nnc3n2CCCCC3)c1
-11.448,Cc1cc(F)c(CNC(=O)CN2CCCCC(=O)C2O)c(F)c1
-11.337,Cn1nc(C2CC2)cc1CNC(=O)CN1CCCCC(=O)C1O
-11.33,NC(=O)CCCNC(=O)c1ccc2c(c1)OCCCO2
-11.247,COc1ccccc1OCC(=O)NC1CCCCNC1=O
-11.133,C[C@@H](CNC(=O)NCC1(O)CCCCCC1)CN1CCN(C)CC1
-12.329,Cc1cc(=O)cc(O)n1CC(=O)N1CCOc2cccc(F)c2C1
-12.502,COc1ccccc1C(=O)NCC(=O)N[C@H]1CCCOc2c(Cl)cccc21
-11.065,COc1cc2c(cc1OC)CCN(CC(=O)NC(C)C)CC2
-11.883,Cc1cccc(C(=O)N2CCCC2)c1NC(=O)N1CCCSCC1
-12.281,Cc1cccc(C(=O)NC(C)c2nnc3n2CCCCC3)n1
-11.234,Cc1ccc(NC(=O)C(C)N2CCCCCC2)c(C)c1O
-11.209,COCCOc1ccc(CNC(=O)NC2CCCCNC2=O)cc1
-11.956,CNC(=O)NCCC(=O)N[C@H]1CCCOc2ccccc21
-11.207,CCN(CC)c1ccc(CNC(=O)NC2CCCCNC2=O)cn1
-13.319,O=C(C1CC=CCC1)N1CCN(Cc2nnc3n2CCCCC3)CC1
-11.118,Cc1ccc(C(N)=O)c(OC(C)C(=O)N2CCCCCC2)c1
-12.436,O=C1CCN(C(=O)C2COc3ccc(Cl)cc3C2)CCN1
-11.797,CCCN1CCCN(C(=O)NC[C@H]2Cc3ccccc32)CC1=O
-11.247,O=C(NCc1ccccc1CN1CCCCCC1)C1COCCN1
-11.372,CC(=O)N[C@@H](CC(=O)NC1CCCCCC1)c1ccc(C)cc1
-11.678,O=C1CCN(C(=O)N[C@@H](Cc2ccccc2)c2cccs2)CCN1
-11.149,CN(C)C(=O)CCNC(=O)NC[C@H]1CCCCN(Cc2ccccc2)C1
-11.581,CCC1C(=O)NCCCN1C(=O)c1cc(=O)c(OC)co1
-11.563,O=C(NC(=O)N1CCCCCC1)c1ccc(F)cc1
-12.036,CN(C)c1ccc(C(=O)NC2CCCCNC2=O)cn1
-12.559,Cc1ccc(NC(=O)c2nnc3n2CCOCC3)cc1C
-11.269,CC(C)CC(=O)N[C@H]1CCCOc2ccccc21
-12.088,COc1cccc(C(=O)NC(C)c2nnc3n2CCCCC3)c1
-12.32,Cc1ccc(N2CCCN(C(=O)c3ccc(Cl)c(Cl)c3O)CC2)nn1
-12.255,Cc1c(O)n(CC2CCc3ccccc3CC2)c(=O)n1C
-12.197,C[C@@H](CN(C)C(=O)c1ccc2c(c1)C(=O)NCCO2)C1CCCCC1
-11.824,Cc1cccc(C(=O)NC2CCCCNC2=O)c1I
-11.512,Cn1cc(CN2CCNC(=O)C[C@H]2c2ccccc2)c(=O)n(C)c1=O
-12.469,O=C1NCCCCC1SCc1cccc(C(=O)N2CCCCC2)c1
-11.785,O=C(NC1CCCCCC1)C1CCN([C@H]2CCS(=O)(=O)C2)CC1
-11.439,Cn1ccnc1CN1CCCN(C(=O)C2(C#N)CCCCC2)CC1
-11.762,COc1ccc(Br)c(C(=O)NC2CCCCNC2=O)c1
-12.053,CC1(C)CC[C@H](N2CCCN(CC(=O)N3CCCC3)CC2)C1
-11.684,O=C(C1=CCCCCC1)N1CCC(c2cc[nH]n2)CC1
-11.538,O=C1CN(C[C@H](O)c2cc3ccccc3o2)CCCN1
-11.818,CC1(C)CCN(C(=O)NC[C@H]2CCOC3(CCC3)C2)CCS1(=O)=O
-11.643,CCNC(=O)NC(=O)CN1CCCN(Cc2ccccc2)C[C@@H]1C
-11.154,CCOc1cccc(CN2CCCNC(=O)C2Cc2ccccc2)n1
-11.784,C[C@H]1CN(C(=O)Cn2cc(Br)ccc2=O)CCS(=O)(=O)C1
-11.993,Cc1nn(C(C)C)cc1CN1CCCNC(=O)C1Cc1ccccc1
-12.328,CC(C(=O)N1CCC(N2CCS(=O)(=O)CC2)CC1)N1CCCCCC1
-11.961,CN1CCN(C[C@@H](O)CC2(O)CCOCC2)Cc2ccccc21
-11.175,CCC1(CC)CC(=O)N(C[C@@H]2CCNC(=O)CC2)C1=O
-11.056,CC(C)C(=O)N1CCCN(CC2([C@@H]3CCCO3)CCC2)CC1
-11.032,CNC(=O)NCC(=O)NC[C@H]1CN(Cc2ccccc2)CCCO1
-11.384,N#Cc1ccc(OCC(=O)NC2CCCCNC2=O)cc1
-11.523,Cc1ccccc1OCC(=O)NC1CCCCNC1=O
-11.508,COc1ccc(C(=O)NC2CCCCNC2=O)cc1F
-12.67,CN1C(=O)C(C)(C)COc2ccc(NC(=O)N[C@@H]3CNC(=O)C3)cc21
-11.335,CN(C)c1ncc(CN2CCNC(=O)C[C@H]2c2ccccc2)n1C
-11.672,CN(C)c1cccc(CCC(=O)NC2CCCCNC2=O)c1
-11.477,CC1C(=O)NCCCN1Cc1nc(C2CC2)nn1C
-12.342,COc1ccc(-n2c(CN3CCCNC(=O)C3C)nc3ccccc32)cc1
-12.488,CN(CC(=O)N[C@H]1CCCOc2ccc(F)cc21)C(=O)c1ccc(Br)o1
-11.549,CCc1cc(=O)[nH]c(CNC(CC)c2nnc3n2CCCCC3)n1
-11.2,Cc1cc(C)n(CC(=O)N2CCCN(Cc3nccn3C)CC2)n1
-11.187,CCC1(CC)CCCN(C(=O)NC2CCn3ccnc32)CC1
-12.44,O=C(NCc1ccc(F)c(Cl)c1)NC1CCCCNC1=O
-12.658,Cn1ncc2c1CCCN(C(=O)c1c3n(c(=O)n1C)CCCC3)C2
-13.761,Cc1nc2n(n1)CC(C(=O)NC1CCc3ccccc3CC1)CC2
-12.734,O=C(NCC1CCC2(CC1)OCCO2)NC1CCCCNC1=O
-13.28,C[C@H](NC(=O)N1CCC(C(N)=O)CC1)c1ccc2c(c1)OCCCO2
-13.886,Cn1c(=O)c2c(ncn2CC(=O)NC(=O)Nc2ccc3c(c2)OCCCO3)n(C)c1=O
-11.18,CCc1n[nH]c(-c2ccc(C(=O)N3CCCN(CCOC)C(=O)C3)cc2)n1
-11.604,C#CCNC(=O)CN1C(=O)N[C@@]2(CCCCc3ccccc32)C1=O
-11.306,Cc1ccc(OCC(=O)NC2CCCCNC2=O)c(C)c1
-11.357,Cc1cccc(C)c1OCC(=O)NC1CCCCNC1=O
-11.427,CC(C)N1C(=O)N[C@]2(CCN(CCOC3CCCCCC3)C2)C1=O
-12.063,Cc1cc(C)nc(N2CCC=C(c3cn(C(C)C)nn3)CC2)n1
-11.974,O=C1C[C@@H](c2ccccc2)N(CCN2CCS(=O)(=O)CC2)CCN1
-11.969,COc1cccc2c1CCCCN2C(=O)Cn1nc(C)cc1C
-13.21,O=C(N[C@H]1CCCOc2ccccc21)N1CC(N2CCNC2=O)C1
-12.333,O=C1CN(Cc2nnc3n2CCCCC3)[C@H](c2ccccc2)CN1
-12.552,CN1C(=O)C(C)(C)COc2ccc(NC(=O)CC3CCNC3=O)cc21
-11.471,CC(C)c1cnc(CN2CCCNC(=O)C2Cc2ccccc2)s1
-11.128,COc1cccc(Cl)c1CC(=O)N(C)C1CCCCNC1=O
-11.788,Cc1ccc(C(=O)NC2CCCCNC2=O)cn1
-12.017,O=C(NCc1ccccc1Cl)NC1CCCCNC1=O
-11.405,O=C1C[C@@H](c2ccccc2)N(Cc2ccsc2)CCN1
-11.487,Cn1c(NC[C@H]2COC3(CCCCCC3)O2)c(C#N)c(=O)n(C)c1=O
-11.78,CC1C(=O)NCCCN1C(=O)c1ccc(CN2CCN(C)CC2)cc1
-11.666,C[C@H](O)CNC(=O)NCc1cc(Cl)c2c(c1)OCCCO2
-11.866,Cn1cnc(-c2nnc3n2CCN(C[C@H]2CCCCNC2)C3)c1
-11.051,Cn1nccc1CN1CCN(Cc2ccnn2C)CC(O)C1
-11.468,Cc1nnc(C(=O)N2CCOC[C@@H](C3CCC3)C2)s1
-11.517,CC(C(=O)N1CCc2n[nH]c(=O)cc2C1)N1CCCCCC1
-13.259,O=C(c1cc[nH]c(=O)c1)N1CCC[C@@]2(CCCCc3ccccc32)C1
-11.607,CN1CCCC1C(=O)N1CCN(CCOC2CCCCCC2)CC1
-12.304,CC(C)C(=O)C(=O)NC(C)C(=O)NC1c2ccccc2CCN(C)C1O
-11.106,COc1cc2c(=NC3CCN(C)CC3)[nH]c(N3CCCN(C)CC3)nc2cc1OCCOCCN(C)C
-11.713,CCN(CC)C(=O)NC1CCCOc2ccccc21
-11.797,NC(=O)NC1CCCOc2c(F)cccc21
-11.512,Cc1ccccc1C(=O)NC1CCCCNC1=O
-11.861,Cc1cc(C)n(CCN2CCCS(=O)(=O)C[C@H]2c2ccccc2)n1
-11.559,Cc1n[nH]c(C2CCN(C(=O)C3CC3)CCN2CCc2ccccc2)n1
-12.452,CC(C(=O)N1CCC(C(N)=O)CC1)N1CCCc2occc2C1
-11.289,O=C(NCCCN1CCCCCC1=O)C(c1cccc(Br)c1)N1CCCC1
-12.654,CCN(CCc1nc2cc(OC)ccc2[nH]1)C(=O)C1CCC(=O)NC(=O)N1
-11.351,CN1C(=O)CN(CCCCOc2ccccc2)C(=O)c2ccccc21
-11.451,CCOc1ccc(CN2CCNC(=O)C2CC(=O)N2CCCCCC2)cc1
-12.303,Cc1cc(C)n(CC2(CNC(=O)C3CCC(=O)NC(=O)N3)CC2)n1
-11.985,Cc1cnc2c(C(=O)N3CCCC4(CCCO4)CC3)cnn2c1
-11.837,O=C(c1cc2ncccn2n1)N1CCCC2(CCCO2)CC1
-12.401,O=C1CCC(C(=O)NCCOCc2ccccc2)NC(=O)N1
-11.245,CC(C)c1nnc2n1CCN(C(=O)Cc1c(O)n(C)c(=O)n1C)CC2
-13.83,CCc1ccccc1OC1CN(C(=O)C2CCC(=O)NC(=O)N2)C1
-11.722,CC(NC(=O)CNC(N)=O)c1ccc2c(c1)OCCCO2
-11.688,COCC(=O)NCc1cc2n(n1)CCCN(Cc1ccc(OC)c(C)c1C)C2
-15.238,O=C1N[C@H]2CCCC1CN(C(=O)NCCSCc1cccc(Cl)c1)C2
-11.669,OC1(CN2CCN(C(c3ccccc3)c3ccccc3)CC2)CNCCOC1
-11.709,O=C1C=CC(c2ccccc2)C1CC(=O)N1CCOCC(CO)C1
-11.152,Cc1ncn(C)c1C(=O)NCC(c1ccccc1)N1CCCCCC1
-12.066,O=C(CN1CCCn2nc(C(O)c3ccccc3)cc2C1)NCc1ccco1
-12.481,CCN(CCCc1ccccc1)C(=O)c1cc2n(n1)CC(O)CNC2=O
-12.351,O=C(c1ccc(Oc2ccccc2)o1)N1CCCn2nc(C(O)CO)cc2C1
-11.271,Cc1cccc(CCNC(=O)N2CCCOC(CN3CCCC3)C2)n1
-14.15,CC1(C)CC(NC(=O)c2cc3n(n2)CC(O)CNC3=O)CC(C)(C)N1
-11.825,Cc1ccc(C(CNC(=O)N2CCCNC(=O)C2)N2CCC(C)CC2)cc1
-12.535,O=C(NCC1CCCN(C(=O)c2nnc3n2CCCCC3)C1)c1ccsc1
-12.357,COc1cc(=O)n2c(c1C(=O)NC(C)c1nncn1C(C)C)CCNCC2
-12.32,Cc1cccc(Cl)c1OCCNC(=O)c1cc2n(n1)CC(O)CNC2=O
-12.137,Cc1cc(C(=O)N2CCCn3nc(C(C)O)cc3C2)nc(C)n1
-11.624,COCCn1cc(C(O)N2CCCN(C3Cc4ccccc4C3)CC2)cc1O
-12.19,CN1CC2(CCCN(C(=O)NCCSc3nncn3C)CC2)OC1=O
-13.13,CCn1c(C)cc(C)c(C(=O)NCC2CCOc3ccccc3C2)c1=O
-12.031,Cc1cc(=O)n(CC(=O)N2CCOc3ccc(CO)cc3C2)nc1C
-13.262,Cn1nc2n(c1=O)CC(C(=O)NCc1[nH]nc3c1CCCCC3)CC2
-11.784,Cc1cc(CNC(=O)N2CCCOC(CN3CCCCC3)C2)cnc1C
-12.109,COc1ccc(C2(C(=O)N3CCCNC(=O)C3)CC2(C)C)cc1
-14.057,CC(C)(C)c1ccc2oc(CNC(=O)C3CCC(=O)NC(=O)N3)nc2c1
-11.098,CC(C)O[C@H]1CN(C(=O)CCN2CCCCCC2=O)C[C@@H]1O
-12.32,Cn1cc(O)n(CC(=O)N2CCCN(CC3=CC[C@H]4C[C@@H]3C4(C)C)CC2)c1=O
-11.185,CN(Cc1cnccn1)C(=O)NCC(c1ccccc1)N1CCCCCC1
-16.725,O=C1CCC(C(=O)N2CCOc3ccccc3C2)NC(=O)N1
-11.22,CC1(NC(=O)CCN2CCCCCC2=O)CCS(=O)(=O)C1
-15.509,Cc1n[nH]c(CN2CC3CCC[C@@H](C2)NC3=O)n1
-11.16,CN(C)CC1COCCN(C(=O)c2cc(-c3ccsc3)[nH]n2)C1
-13.085,CCc1c(C)nn(CCNC(=O)C2CCC(=O)NC(=O)N2)c1C
-12.577,Cc1ccc(OCCCN(C)C(=O)c2cc3n(n2)CC(O)CNC3=O)c(C)c1
-12.944,CC(C)N1CCC(CNC(=O)C2CCC(=O)NC(=O)N2)CC1
-11.663,CCOc1ncccc1C(=O)N1CCCN(C(=O)c2cc(=O)cc(C)o2)CC1
-11.85,O=C(C1C[C@@H]2C=C[C@H]1C2)N1CCCN(C2CCCCC2)CC1
-14.299,Cc1cncc(C(=O)N2CCC3(CC2)CN(C2CCNC(=O)CC2)CCO3)c1
-12.22,CC(Nc1ccccc1)(C(=O)N1CCCNC(=O)C1)c1ccccc1
-11.523,CN(C)CC1COCCN(C(=O)c2cccc3c2NCCC3)C1
-11.593,CN(C)CC1COCCN(C(=O)c2ccc3c(c2)N(C)C(=O)CO3)C1
-12.858,CCCN1CCC(CCNC(=O)c2cc3n(n2)CC(O)CNC3=O)CC1
-11.551,CC(C)CC(NC(=O)CN1CCOc2ccccc2C1)c1cccnc1
-11.26,Cc1csc(C(C)CNC(=O)N2CCCNC(=O)C2)n1
-12.302,Cc1cc(=NC2CCCCNC2=O)n2[nH]c(C)cc2n1
-11.355,CC(CCNC(=O)N1CCCN(C(=O)c2ccco2)CC1)N1CCOCC1
-11.448,COCCn1cnnc1CNC(=O)N1CCCC2(CC1)CN(C)C(=O)O2
-11.633,O=C1CN(C(=O)C(c2ccccc2)C2CCCC2)CCCN1
-11.702,Cc1ccc(SCCNC(=O)N2CCCC3(CC2)CNC(=O)O3)cc1
-11.982,COc1cccc(C)c1C(=O)NC1CCCCNC1=O
-13.817,O=C(NCC1(c2ccccc2F)CCCC1)c1cc2n(n1)CC(O)CNC2=O
-12.803,Cc1ccc(C)c(C(C)NC(=O)CN2CCOc3ccc(CO)cc3C2)c1
-12.928,Cn1nccc1C(O)c1cc2n(n1)CCCN(Cc1ccc3c(c1)OCO3)C2
-11.79,CN1Cc2ccccc2CC1CNC(=O)CCN1CCCCCC1=O
-11.808,Cc1cc2n(n1)CCCN(C(=O)CN(C)C1CCS(=O)(=O)C1)C2
-11.184,CN1CCC(CNC2CSCCSC2)(c2ccccc2)CC1
-11.419,Cc1nc(=O)cc(CN2CCCC(CNC(=O)CCN3CCCCCC3=O)C2)[nH]1
-11.595,O=C(NCCC(c1ccccc1)c1ccccc1)N1CCCC(O)(CO)CC1
-11.228,CCOCCn1c(=O)[nH]c2cc(C(=O)N3CCCCCC3)ccc21
-12.613,O=C(c1cc(Cl)ccc1F)N1CCCn2nc(C(O)C3CC3)cc2C1
-11.47,CN1CC2(CCN(C3CSCCSC3)C2)OCC1=O
-12.133,CCc1cccc(OCCCN(C)C(=O)c2cc3n(n2)CC(O)CNC3=O)c1
-11.276,Cc1ccc(Cl)cc1C(=O)N1CCOCC(CN(C)C)C1
-12.517,CC1CNC(=O)CCN1C(=O)c1ccc2c(c1)CCCO2
-11.183,O=C(NCCN1CCCOC1=O)C1CCCNCC1
-12.402,CC1CNC(=O)CCN1C(=O)c1ccccc1Oc1ccccc1
-12.657,CC(C)N1CC(CNC(=O)N2CCOc3ccc(Cl)cc3C2)CC1=O
-12.24,COC[C@H]1[C@H]2OCC[C@H]2[C@H]1NC(=O)CN1CCOc2ccccc2C1
-11.701,CN1CCOCC(CNC(=O)c2cccc3c2NCCC3)C1
-13.52,CC(C)(Cc1ccc(F)cc1)NC(=O)C1CCC(=O)NC(=O)N1
-12.338,O=C(C1CCOc2ccccc2C1)N1CCN(Cc2nc[nH]n2)CC1
-12.536,O=C(CN1CCOc2ccccc2C1)N[C@H]1COC[C@@H]1N1CCCC1
-11.73,CN(C)CC(O)c1cc2n(n1)CCCN(Cc1cccc(-c3ccco3)c1)C2
-12.643,O=C(Cn1nccc1C1CCCNC1)N1CCOc2ccc(Cl)cc2C1
-12.599,CN=c1cc(C)[nH]c(N2CCCn3nc(C(O)C4CCC4)cc3C2)n1
-12.437,Cc1cccc(=O)n1CCC(=O)NCC1CCOc2ccccc2C1
-11.897,CN(C)CC(O)c1cc2n(n1)CCCN(C(=O)c1cccn1C1CC1)C2
-11.073,CC(C)n1cc(NC(=O)NCC(c2ccccc2)N2CCCCCC2)nn1
-12.553,Cc1cc(C)n2ncc(CN3CCCn4nc(C(O)CO)cc4C3)c2n1
-12.693,O=C(c1cc2ncccn2n1)N1CCCn2nc(C(O)C3CC3)cc2C1
-12.442,Cc1ccc(C)c(C(C)NC(=O)CN2CCCN(c3ncccn3)CC2)c1
-12.721,Cn1nccc1C(O)c1cc2n(n1)CCCN(C(=O)NC1CCCC1)C2
-11.743,CCC(O)c1cc2n(n1)CCCN(C(=O)c1cc(C3CC3)[nH]n1)C2
-14.746,CC(C)CCOc1ccccc1CCNC(=O)N1CC2CCC[C@@H](C1)NC2=O
-14.495,O=C(CN1C(=O)CCCc2ccccc21)NCCN1CCCCCC1
-12.4,COc1cc2c(=O)n(Cc3ccc(C(=O)N4CCCCCC4)cc3)c(=O)n(CC(N)=O)c2cc1OC
-11.202,COCCN1CCCn2nc(C3CCCN(Cc4cccn4C)C3)cc2C1=O
-11.764,COc1cc(CNC(=O)C2CCCCc3nnc(-c4cnccn4)n32)cc(OC)c1
-11.008,COCC(=O)NC1CCc2nnc(C3CC3)n2CC1
-12.369,Cn1nc2n(c1=O)CCC(NC(=O)C1CC=CCC1)CC2
-11.519,CCN(CCNC(=O)C1CCCCc2n[nH]c(=O)n21)Cc1ccccc1
-11.547,Cc1cc(CNC(=O)C2CCc3nn(CCOc4ccccc4)c(=O)n3CC2)n(C)n1
-11.005,O=C(COc1ccccc1)NCC1CCC(=O)N(Cc2ccccc2)CC1
-11.762,COc1cc(OC)cc(C(=O)N2CCC(N3CCCCCC3)CC2)c1
-11.96,O=C(CN1C(=O)CCCc2ccccc21)NCCN1CCCCC1
-12.602,O=C1CCCCC(CNC(=O)c2cccc3nccnc23)N1
-11.298,CN1CCCCC(CC(=O)NCc2cccc(Cl)c2)C1=O
-12.189,COc1ccc(C(=O)N2CCOc3ccc(CCC(=O)N(C)C)cc3C2)cc1F
-11.366,COCc1nnc2n1CCC(NC(=O)CCc1ccc(OC)cc1)CC2
-12.191,Cc1occc1C(=O)NC1CCc2nn(C)c(=O)n2CC1
-12.67,Cc1cc(CNC(=O)C2CCCCc3n[nH]c(=O)n32)n(C)n1
-12.572,O=C(Cn1nc2n(c1=O)CCCCC2)Nc1ccc(C(F)(F)F)cc1
-11.313,CC(C)N1CCC(OCCCNC(=O)C2CCCCC(=O)N2)CC1
-11.101,COCc1ncc2c(n1)CCCN(CC(=O)NCCCc1ccccc1)C2=O
-11.875,O=C(CN1CCCCCC1)NCc1cn2c(n1)C(=O)N(Cc1ccccc1)CC2
-11.899,CN(C)C(=O)C1CCCCc2nnc(-c3ccccc3)n21
-12.062,O=C(NCCCN1CCOCC1)C1CCc2sc(C(=O)N3CCCCCC3)cc2C1
-12.725,CC(=O)N1CCc2nnc(C3CCN(Cc4ccc(O)cc4)C3)n2CC1
-11.672,Cn1cccc1C(=O)NCC1CCC(=O)N(Cc2ccccc2)CC1
-12.305,Cc1cccc(CN2CCCn3nc(C(=O)NCCCN4CCOCC4)cc3C2=O)c1
-12.521,CCN1CCC(N2CCCC(c3cc4n(n3)CCCN(CC)C4=O)C2)CC1
-12.88,Cc1ccc(C)c(CNC(=O)C2CCc3n[nH]c(=O)n3CC2)c1
-12.038,O=C(NCc1ccsc1)C1CCc2nn(Cc3ccncc3)c(=O)n2CC1
-12.937,COCCNC(=O)c1ccc2c(c1)CN(C(=O)CN1CCCCCC1)[C@@H](C)CO2
-12.754,Cn1cccc1C(=O)N1CCc2c(C(N)=O)nc(-c3ccccc3)n2CC1
-11.564,CC(C)c1ccc(CNC(=O)C2CCCCC(=O)N2C)cc1
-11.573,COc1cccc(CNC(=O)C2(C)CCCCC(=O)N2)c1OC
-11.5,CCNC(=O)Nc1ccc2c(c1)CN(C(=O)CCn1nc(C)cc1C)CCO2
-12.565,O=C1CCCCC(CNC(=O)c2nccc3ccccc23)N1
-11.315,COc1ccc(NC(=O)CC2CCCCN(C)C2=O)c(C)c1
-11.442,COc1cccc(CN2CC(=O)N(CCc3ccccc3)CC(O)C2)n1
-11.579,CC(C)NC(=O)N1CCOc2ccc(CCC(=O)NCCCN3CCCC3=O)cc2C1
-12.416,O=C(C1CC=CCC1)N1CCc2nn(CC3CC3)c(=O)n2CC1
-12.065,Cc1nnc2n1CCC(N(C)C(=O)c1cncc(Br)c1)CC2
-12.128,Cn1nc2n(c1=O)CCC(NC(=O)COCc1ccccc1)CC2
-11.402,Cc1n[nH]c(C2CN(C(=O)CN3CCCCCC3)CC2C(N)=O)n1
-11.592,CCCNC(=O)N1CCOC[C@H]2CN(C(=O)c3cc(C4CC4)[nH]n3)CC[C@H]21
-12.167,Cc1ccsc1CN1C[C@H]2CCCC(=O)N[C@H]2C1
-11.807,CN(C)[C@H]1Cc2cc(C(=O)N3CCCN(c4ncccn4)CC3)nn2C1
-11.719,CCNC(=O)C1CCCCc2nnc(-c3ccccc3)n21
-11.985,O=C(NCC1CCC(=O)N(Cc2ccccc2)CC1)C1CCCCC1
-11.744,CC(C)N1C(=O)C2(CCCCC2)C1C(=O)N1CCCN(C)CC1
-11.279,CCCOc1ccc(CN(C)C2CCc3nn(C)c(=O)n3CC2)cc1
-11.616,CCOc1cc(CN(C)C2CCc3nn(C)c(=O)n3CC2)ccc1O
-11.066,O=C(CN1C(=O)CCCc2ccccc21)NCCCN1CCCCC1
-13.154,Cc1c(N2CCC(C(=O)NC3CCCCCC3)CC2)c(=O)n(C)c(=O)n1-c1ccccc1
-11.899,CN1CCN(CCNC(=O)c2cc3n(n2)CCCN(Cc2ccccc2)C3=O)CC1
-12.831,COc1cccc(CNC(=O)c2cc3n(n2)CCCN(Cc2ccccc2)C3=O)c1OC
-12.049,COCCNC(=O)c1cc2n(n1)CCCN(Cc1ccc(C)cc1)C2=O
-12.463,CCCCNC(=O)c1cc2n(n1)CCCN(Cc1ccc(C)cc1)C2=O
-11.592,COCCCNC(=O)c1cc2n(n1)CCCN(Cc1ccc(F)cc1)C2=O
-12.143,CN1CCN(CCNC(=O)c2cc3n(n2)CCCN(Cc2ccc(F)cc2)C3=O)CC1
-11.571,CCOCCCNC(=O)c1cc2n(n1)CCCN(Cc1ccc(Cl)cc1)C2=O
-11.974,CN(C)CCNC(=O)c1cc2n(n1)CCCN(Cc1cccc(F)c1)C2=O
-12.388,O=C(NCCCN1CCOCC1)c1cc2n(n1)CCCN(Cc1cccc(F)c1)C2=O
-11.764,CCOCCCNC(=O)c1cc2n(n1)CCCN(Cc1cccc(F)c1)C2=O
-11.767,COCCCNC(=O)c1cc2n(n1)CCCN(Cc1cccc(F)c1)C2=O
-12.283,O=C(NCCN1CCOCC1)c1cc2n(n1)CCCN(Cc1cccc(F)c1)C2=O
-12.306,CN1CCN(CCNC(=O)c2cc3n(n2)CCCN(Cc2cccc(F)c2)C3=O)CC1
-12.874,Cc1cccc(CN2CCCn3nc(C(=O)NCc4cccnc4)cc3C2=O)c1
-11.151,Cc1cccc(CN2CCCn3nc(C(=O)NCCN(C)C)cc3C2=O)c1
-11.433,CCN(CC)CCNC(=O)c1cc2n(n1)CCCN(Cc1cccc(C)c1)C2=O
-11.712,CCOCCCNC(=O)c1cc2n(n1)CCCN(Cc1cccc(C)c1)C2=O
-12.082,COCCCNC(=O)c1cc2n(n1)CCCN(Cc1cccc(C)c1)C2=O
-11.112,Cc1cccc(CN2CCCn3nc(C(=O)NCCCOC(C)C)cc3C2=O)c1
-12.426,Cc1cccc(CN2CCCn3nc(C(=O)NCCN4CCOCC4)cc3C2=O)c1
-12.294,Cc1cccc(CN2CCCn3nc(C(=O)NCCCN4CCN(C)CC4)cc3C2=O)c1
-11.677,Cc1cccc(CN2CCCn3nc(C(=O)NCCCN4CCCC4)cc3C2=O)c1
-12.517,CCN1CCN(CCNC(=O)c2cc3n(n2)CCCN(Cc2cccc(C)c2)C3=O)CC1
-12.373,Cc1cccc(CN2CCCn3nc(C(=O)NCCN4CCN(C)CC4)cc3C2=O)c1
-12.131,COc1ccc(NC(=O)Cn2nc3c(cc2=O)CCCCC3)cc1
-12.738,CC(=O)Nc1ccc(NC(=O)Cn2nc3c(cc2=O)CCCCC3)cc1
-11.508,O=C(Cn1nc2c(cc1=O)CCCCC2)NCC1CCCO1
-12.771,CC(=O)Nc1cccc(NC(=O)Cn2nc3c(cc2=O)CCCCC3)c1
-12.462,O=C(Cn1nc2c(cc1=O)CCCCC2)NCCc1ccc(O)cc1
-13.669,O=C(c1ccc2c(c1)CN(C(=O)c1ccncc1)CCO2)N1CCCC1
-13.39,COc1ccc(C(=O)N2CCOc3ccc(C(=O)N4CCCC4)cc3C2)cc1F
-12.522,O=C(Cn1c(=O)n(-c2ccccc2)c2ncccc21)NC1CCCCCC1
-12.304,CCN1CCCn2nc(C3CCCN(Cc4ccncc4)C3)cc2C1=O
-12.948,Cc1cccc(-c2cc3n(n2)CCCN(C(=O)Cn2cnc4c2c(=O)n(C)c(=O)n4C)C3)c1
-13.486,Cn1c(=O)c2c(ncn2CC(=O)N2CCCn3nc(-c4ccccc4)cc3C2)n(C)c1=O
-11.137,COCCN1CCCn2nc(C3CCCN(Cc4cccnc4)C3)cc2C1=O
-11.986,COCCN1CCCn2nc(C3CCCN(Cc4ccncc4)C3)cc2C1=O
-11.197,COCCN1CCCn2nc(C3CCCN(Cc4cccc(OC)n4)C3)cc2C1=O
-12.262,COCCN1CCCn2nc(C3CCCN(Cc4ccccn4)C3)cc2C1=O
-11.176,CN1C(=O)CCCCC1C(=O)NCc1ccc(Cl)cc1
-11.556,CN1C(=O)CCCCC1C(=O)NCc1cccc(C(F)(F)F)c1
-11.127,COc1cccc(CNC(=O)C2CCCCC(=O)N2C)c1OC
-11.208,CN1C(=O)CCCCC1C(=O)NCc1ccccc1
-11.41,COc1cccc(CNC(=O)C2CCCCC(=O)N2C)c1
-11.086,CC(C)Oc1ccc(CNC(=O)C2CCCCC(=O)N2C)cc1
-11.184,CCOc1cccc(CNC(=O)C2CCCCC(=O)N2C)c1
-11.535,O=C(NCCN1CCCCC1)C1CCCCC(=O)N1Cc1ccccc1
-11.43,CN(CCNC(=O)C1CCCCC(=O)N1Cc1ccccc1)C1CCCCC1
-11.322,CC1(C(=O)NCCCc2ccccc2)CCCCC(=O)N1
-11.803,CC1(C(=O)NCc2cccc(F)c2)CCCCC(=O)N1
-11.738,Cc1ccc(CNC(=O)C2(C)CCCCC(=O)N2)cc1
-11.44,COc1ccc(OC)c(CNC(=O)C2(C)CCCCC(=O)N2)c1
-11.97,Cc1cccc(CNC(=O)C2(C)CCCCC(=O)N2)c1
-11.803,COc1ccc(CNC(=O)C2(C)CCCCC(=O)N2)cc1OC
-11.744,CC1(C(=O)NCc2ccccc2)CCCCC(=O)N1
-11.393,CCOc1cccc(CNC(=O)C2(C)CCCCC(=O)N2)c1
-11.094,CCn1nccc1C(=O)NCC1CCCCC(=O)N1
-11.599,Cc1cc(C(=O)NCC2CCCCC(=O)N2)n(C)n1
-11.225,COc1ccccc1CNC(=O)CC1CCCCN(C)C1=O
-11.035,Cc1cccc(NC(=O)CC2CCCCN(C)C2=O)c1
-11.414,CN1CCCCC(CC(=O)NCc2ccc(Cl)cc2)C1=O
-11.325,CC(C)c1cccc(NC(=O)CC2CCCCN(C)C2=O)c1
-11.15,COc1cccc(CNC(=O)CC2CCCCN(C)C2=O)c1OC
-11.175,CCc1ccc(CNC(=O)CC2CCCCN(C)C2=O)cc1
-11.437,O=C(CCc1ccc2c(c1)CN(C(=O)C1CC1)CCO2)NCCCN1CCOCC1
-11.288,CCn1cc(CN(C)C(=O)CCc2ccc3c(c2)CN(C(=O)NC(C)C)CCO3)c(C)n1
-12.368,Cc1nc(C)c(C(=O)N2CCOc3ccc(CCC(N)=O)cc3C2)s1
-12.327,Cn1cccc1C(=O)N1CCOc2ccc(CCC(=O)N3CCCC3)cc2C1
-11.488,CCOc1ccc(CN2CCc3nn(C)c(=O)n3CC2)cc1OC
-12.021,Cc1nnc2n1CCC(NC(=O)c1ccoc1)CC2
-11.719,CN(C(=O)c1ccsc1)C1CCc2nn(C)c(=O)n2CC1
-12.448,COc1cccc(CNC(=O)N(C)C2CCc3nn(C)c(=O)n3CC2)c1
-11.566,O=C(N[C@@H]1CN(C2CCCCCC2)C[C@H]1CO)c1cccnc1
-12.912,O=C(c1ccncn1)N1CCC2C(=O)N(Cc3ccccc3)CCN2CC1
-12.054,CCCNC(=O)N1CCc2c(C(=O)NC)nc(-c3ccccc3)n2CC1
-12.293,C[C@H]1COc2ccc(CN3CCOCC3)cc2CN1C(=O)NCc1ccccc1
-12.037,C[C@H]1COc2ccc(CN3CCOCC3)cc2CN1C(=O)NC1CCCC1
-11.446,CC(C)CCNC(=O)N1Cc2cc(CN3CCOCC3)ccc2OC[C@@H]1C
-13.263,C[C@H]1COc2ccc(C(=O)N3CCCC3)cc2CN1C(=O)c1ccccc1
-11.224,CC(C)CN1CC(O)CN(Cc2ccc3c(c2)CCO3)CC1=O
-11.316,Cc1cc(C(=O)N2CC(=O)N(CCc3ccccc3)CC(O)C2)n(C)n1
-12.046,CCCNC(=O)C1CCCCc2nnc(-c3ccccc3)n21
-12.456,CC(C)NC(=O)C1CCCCc2nnc(-c3ccccc3)n21
-12.272,O=C(NCCN1CCOCC1)C1CCCCc2nnc(-c3ccccc3)n21
-11.595,CCN(CC)CCNC(=O)C1CCCCc2nnc(-c3ccccc3)n21
-11.111,COCCCNC(=O)C1CCCCc2nnc(-c3ccccc3)n21
-11.615,CC(C)CNC(=O)C1CCCCc2nnc(-c3ccccc3)n21
-11.325,COCCNC(=O)C1CCCCc2nnc(-c3ccccc3)n21
-12.567,CN1CCN(CCCNC(=O)C2CCCCc3nnc(-c4ccccc4)n32)CC1
-12.156,O=C(Cn1nc2c(cc1=O)CCCCC2)NCCc1ccccc1
-11.638,O=C(NCCN1CCOCC1)C1CCc2sc(C(=O)N3CCCCCC3)cc2C1
-11.399,CCN(CC)Cc1ccc2c(c1)CN(C(=O)c1ccc(C)nc1)CCO2
-11.647,CC(C)c1ccc2c(c1)C(O)C(N)CCO2
-12.239,Cc1c(C)n2c3c(=O)n(C)c(=O)n(C)c3nc2n1CCN1CCCCCC1
-11.688,CN1CCCN(C(=O)NC2CCN(C[C@H]3CCOC3)CC2)CC1=O
-12.022,Cc1ccc2c(c1)SCCCN2C(=O)C[C@@H]1COC(=O)C1
-12.505,CN1CCC(N2CCCc3c(Br)cccc3C2)C1=O
-14.62,CN1CCCN(C(=O)N[C@H]2CCCOc3ccc(F)cc32)CC1
-11.512,N#Cc1ccc(OCC(=O)NC2CCCCNC2=O)c(Cl)c1
-13.494,CC(CNC(=O)c1ccc2c(c1)C(=O)NCCO2)c1nncn1C
-11.698,O=C(Cc1ccccc1Cl)NC1CCCCNC1=O
-11.483,Cc1cccc(C(=O)NC2CCCCNC2=O)n1
-11.469,COc1ccc(C(=O)NC2CCCCNC2=O)cc1OC
-11.18,O=C(COc1ccccc1)NC1CCCCNC1=O
-11.628,Cc1ccc(SCC(=O)NC2CCCCNC2=O)cc1
-11.624,Cc1ccc(CC(=O)NC2CCCCNC2=O)cc1
-11.752,O=C(NC1CCCCNC1=O)c1ccc(Cl)cc1
-11.642,Cn1ccnc1CCN1CC[C@H](O)c2ccccc2C1
-11.987,COc1ccc(Cl)cc1CNC(=O)NC1CCCCNC1=O
-11.443,COc1ccc(NC(=O)NC2CCCCNC2=O)cn1
-11.398,CN1CCCN(C(=O)c2cn(C)c3ccccc23)CC1
-11.139,O=C(NCCCN1CCCCCC1=O)NC[C@H]1CCS(=O)(=O)C1
-11.766,COC1(CNC(=O)N2CCNC(=O)C[C@H]2c2ccccc2)CCC1
-11.667,O=C(N=c1cccc[nH]1)NC1CCCCNC1=O
-12.58,O=c1n(Cc2nnc3n2CCCCC3)c(O)c2n1CCCC2
-11.955,COCC(=O)N1CCCCC[C@H]1C1CCN(Cc2cc(=O)n(C)c(=O)n2C)CC1
-11.249,CC(C)(C)NC(=O)CN1CCCN(CC(=O)N2CCC[C@H]2c2cccs2)CC1
-11.199,O=C(CN1CCOc2ccccc2[C@@H]1CO)NCC1CCC1
-11.534,COc1cc(C#N)ccc1OCC(=O)NC1CCCCNC1=O
-11.815,Cn1cc(CCCN2CCCC2c2nnc3n2CCCCC3)cn1
-11.329,CCNC(=O)C(C)(C)CN[C@@H](C)c1ccc2c(c1)OCCCO2
-11.4,COc1ccc(CNC(=O)CN2CCNCCC23CCOCC3)cc1
-11.446,CCC1C(=O)NCCCN1Cc1nc(C(C)(C)N)no1
-11.546,C[C@H]1CCS(=O)(=O)CCN1C(=O)CNC(=O)NCC1CCCC1
-11.504,Cc1ccccc1SCC(=O)NC1CCCCNC1=O
-11.379,CCC(=O)N[C@H]1CCCOc2ccccc21
-11.695,CNC(=O)NC(=O)CN1CC[C@H](C)N(Cc2ccccc2)CC1
-11.523,COc1cc(CCC(=O)NC2CCCCNC2=O)cc(OC)c1OC
-11.575,NC(=O)NC(=O)CN1CCCN(C(=O)c2c[nH]c3ccccc23)CC1
-11.843,C[C@@H](CCc1cccn1C)NC(=O)N1CCOC2(CCCCCC2)C1
-11.399,CCOc1ccccc1OCC(=O)NC1CCCCNC1=O
-12.026,COc1cc(Cl)c(F)c(C(=O)NC2CCCCNC2=O)c1
-11.671,Cc1ccc(OCC(=O)NC2CCCCNC2=O)cc1C
-13.727,CC(C)C[C@H]1CCCCCN1Cc1nnc2n1CCCCC2
-11.852,Cn1nc(C2CC2)nc1CN1CCNC(=O)C[C@H]1c1ccccc1
-12.924,Cc1cc(C)c(NC(=O)Cn2nc3n(c2=O)CCCCC3)c(Cl)c1
-13.045,O=C1CC[C@H](CC(=O)N2CCCn3c(cc4ccccc43)C2)CN1
-11.904,Cc1ccc(OCC(=O)NC2CCCCNC2=O)cc1
-12.463,CC(=O)Nc1ccc(C(=O)NCc2nnc3n2CCCCC3)cc1
-11.315,CC(C)C[C@@H](CO)NC(=O)NCc1ccc2c(c1)OCCCO2
-13.671,CC1(C)CN(C(=O)C2CCCCCC2)CCCO1
-11.389,Cc1cc(CC(=O)NC[C@H]2CN(Cc3ccccc3)CCCO2)[nH]n1
-11.129,C[C@H]1CCCN(C(=O)c2c[nH]nc2I)CC1
-12.445,O=C1CC[C@H](NC(=O)c2cc(F)cc3[nH]cnc23)CCN1
-12.864,Cc1ccc2c(c1)CN(Cc1cnc3cccc(C)n13)CCO2
-11.811,CCc1[nH]ccc1C(=O)N1CCCNC(=O)C1Cc1ccccc1
-11.017,CC(C)(C)C(=O)NCCC(=O)NC[C@H]1CCCCN(Cc2ccccc2)C1
-11.121,O=C(C[C@@H]1C=CS(=O)(=O)C1)NCCC1=CCCCCC1
-11.823,Cn1cc(C(O)N2CCOc3ccccc3C2)cc1O
-11.812,NC(=O)c1cccc(CCNC2=NCCCCN2)c1
-11.057,CC[C@H]1CCCN(C(=O)NCc2ccc(=O)[nH]n2)CC1
-11.139,CC1C(=O)NCCCN1Cc1cnc(C2CC2)o1
-13.162,CC(C(=O)N1CCCSCC1)N1CCCCCC1
-12.629,O=C(Nc1cccc(C(F)(F)F)c1)NC1CCCCNC1=O
-11.623,CNC(=O)c1ccc(N2CCC(N3CCCOCC3)CC2)nc1
-12.132,Cc1cccc(CCNC(=O)N2Cc3ccccc3O[C@@H](C)C2)n1
-12.019,Cn1cccc(C(=O)NC[C@H]2CCCCN(Cc3ccccc3)C2)c1=O
-11.756,CC(C(=O)N(C)c1ccccc1)N1CCCc2occc2C1
-11.29,COCCN(Cc1ccco1)C(=O)N[C@H]1CCCOc2ccccc21
-11.681,Cc1nnc(CNC(=O)CC2CCCCNC2=O)n1C1CC1
-11.422,CCc1cc(CC(=O)N2CCOc3cc(O)ccc3C2)n(C)n1
-11.871,CC(NCc1cccc2c1OCCCO2)C(=O)NCc1ccco1
-11.055,Cc1cc(F)ccc1NC1COCCOC1
